original_relative_path,repository_path,role,version_or_group,sha256,size_bytes
you-ve-been-interrupted-unexpectedly-please/work/erdos20-v12-audit/FreshRootAudit.lean,erdos_20/v12_audit/FreshRootAudit.lean,audit-or-smoke,erdos20-v12-audit/audit-and-replay-probes,9900ab02cdc32a7ba6fd1d32f7c271511cfcecbd5055386d039c74ab3e7dde59,57366
you-ve-been-interrupted-unexpectedly-please/work/erdos20-v12-audit/archive/erdos20-lean-v12/SunflowerLean/Basic.lean,erdos_20/v12_audit/archive/erdos20-lean-v12/SunflowerLean/Basic.lean,archived-v12-production,erdos20-v12-audit/archive/erdos20-lean-v12/SunflowerLean,9c6253d9ae43325863f6b176b975cf024f955f76130c94f0864edfc2149c00f2,9728
you-ve-been-interrupted-unexpectedly-please/work/erdos20-v12-audit/archive/erdos20-lean-v12/SunflowerLean/Erdos20AxiomAudit.lean,erdos_20/v12_audit/archive/erdos20-lean-v12/SunflowerLean/Erdos20AxiomAudit.lean,archived-v12-production,erdos20-v12-audit/archive/erdos20-lean-v12/SunflowerLean,d7adbc89579946926faf3750d216d8b1f81bba2cafafdb30b6768d730167d0d1,64939
you-ve-been-interrupted-unexpectedly-please/work/erdos20-v12-audit/archive/erdos20-lean-v12/SunflowerLean/Erdos20BCWBridge.lean,erdos_20/v12_audit/archive/erdos20-lean-v12/SunflowerLean/Erdos20BCWBridge.lean,archived-v12-production,erdos20-v12-audit/archive/erdos20-lean-v12/SunflowerLean,235a364a1c8d201f46bf7dd3201cc503570a5b1ff1d98506474ac7f10aacef1c,5950
you-ve-been-interrupted-unexpectedly-please/work/erdos20-v12-audit/archive/erdos20-lean-v12/SunflowerLean/Erdos20BCWConditional.lean,erdos_20/v12_audit/archive/erdos20-lean-v12/SunflowerLean/Erdos20BCWConditional.lean,archived-v12-production,erdos20-v12-audit/archive/erdos20-lean-v12/SunflowerLean,0e50aaa2da61ec4c21f2193b1ededfe97285d117977ec1d550eee9c46c67e718,10431
you-ve-been-interrupted-unexpectedly-please/work/erdos20-v12-audit/archive/erdos20-lean-v12/SunflowerLean/Erdos20Critical.lean,erdos_20/v12_audit/archive/erdos20-lean-v12/SunflowerLean/Erdos20Critical.lean,archived-v12-production,erdos20-v12-audit/archive/erdos20-lean-v12/SunflowerLean,3aae25a4911d47bdc33fb1bcc04ae04a392245498badc9d185b94de05d8e4c39,9348
you-ve-been-interrupted-unexpectedly-please/work/erdos20-v12-audit/archive/erdos20-lean-v12/SunflowerLean/Erdos20CrossBounds.lean,erdos_20/v12_audit/archive/erdos20-lean-v12/SunflowerLean/Erdos20CrossBounds.lean,archived-v12-production,erdos20-v12-audit/archive/erdos20-lean-v12/SunflowerLean,c4beb45efd5f8c35e8890a8fc52ed73679a86d19210044af7f6c33e0dd0595ae,11128
you-ve-been-interrupted-unexpectedly-please/work/erdos20-v12-audit/archive/erdos20-lean-v12/SunflowerLean/Erdos20DegreeCongruences.lean,erdos_20/v12_audit/archive/erdos20-lean-v12/SunflowerLean/Erdos20DegreeCongruences.lean,archived-v12-production,erdos20-v12-audit/archive/erdos20-lean-v12/SunflowerLean,c70369d223c22e96b2e93b8a4c412a4630b3a90ba344821ce3059dd8068e6606,7843
you-ve-been-interrupted-unexpectedly-please/work/erdos20-v12-audit/archive/erdos20-lean-v12/SunflowerLean/Erdos20DesignConsequences.lean,erdos_20/v12_audit/archive/erdos20-lean-v12/SunflowerLean/Erdos20DesignConsequences.lean,archived-v12-production,erdos20-v12-audit/archive/erdos20-lean-v12/SunflowerLean,d0f4988a358912202f6477a40550b63d36331038524db18306db25f0ab255ac0,6420
you-ve-been-interrupted-unexpectedly-please/work/erdos20-v12-audit/archive/erdos20-lean-v12/SunflowerLean/Erdos20DesignCoordinates.lean,erdos_20/v12_audit/archive/erdos20-lean-v12/SunflowerLean/Erdos20DesignCoordinates.lean,archived-v12-production,erdos20-v12-audit/archive/erdos20-lean-v12/SunflowerLean,92a139d18f35b04ec1deacccab74d031853142e83ee9289b20f1fda01dc8fac3,3171
you-ve-been-interrupted-unexpectedly-please/work/erdos20-v12-audit/archive/erdos20-lean-v12/SunflowerLean/Erdos20DesignNormalForm.lean,erdos_20/v12_audit/archive/erdos20-lean-v12/SunflowerLean/Erdos20DesignNormalForm.lean,archived-v12-production,erdos20-v12-audit/archive/erdos20-lean-v12/SunflowerLean,a7532384874059e56123cc7e7b9ff7ed38b156dd857834881be2a1f726d5692f,23190
you-ve-been-interrupted-unexpectedly-please/work/erdos20-v12-audit/archive/erdos20-lean-v12/SunflowerLean/Erdos20DesignSeparation.lean,erdos_20/v12_audit/archive/erdos20-lean-v12/SunflowerLean/Erdos20DesignSeparation.lean,archived-v12-production,erdos20-v12-audit/archive/erdos20-lean-v12/SunflowerLean,217674aa9d54dddd02a69b339f77f822c9cd6b514cb5f2f24d2b441344cad224,9883
you-ve-been-interrupted-unexpectedly-please/work/erdos20-v12-audit/archive/erdos20-lean-v12/SunflowerLean/Erdos20Endpoints.lean,erdos_20/v12_audit/archive/erdos20-lean-v12/SunflowerLean/Erdos20Endpoints.lean,archived-v12-production,erdos20-v12-audit/archive/erdos20-lean-v12/SunflowerLean,efa975c4e837bf3112472263588fa97f23e6f709ceec311650d18eeb32a6a7c0,3267
you-ve-been-interrupted-unexpectedly-please/work/erdos20-v12-audit/archive/erdos20-lean-v12/SunflowerLean/Erdos20ExtremalStructure.lean,erdos_20/v12_audit/archive/erdos20-lean-v12/SunflowerLean/Erdos20ExtremalStructure.lean,archived-v12-production,erdos20-v12-audit/archive/erdos20-lean-v12/SunflowerLean,835a4fedf513ba61c2107b071fca38ba138c810310753b01cad7c4a54da311dd,8756
you-ve-been-interrupted-unexpectedly-please/work/erdos20-v12-audit/archive/erdos20-lean-v12/SunflowerLean/Erdos20ExtremalSupport.lean,erdos_20/v12_audit/archive/erdos20-lean-v12/SunflowerLean/Erdos20ExtremalSupport.lean,archived-v12-production,erdos20-v12-audit/archive/erdos20-lean-v12/SunflowerLean,974d5f4020b57dec56fa8fe284c99046418d983781620cd15dd5fe5a08795251,5641
you-ve-been-interrupted-unexpectedly-please/work/erdos20-v12-audit/archive/erdos20-lean-v12/SunflowerLean/Erdos20ExtremalTransversals.lean,erdos_20/v12_audit/archive/erdos20-lean-v12/SunflowerLean/Erdos20ExtremalTransversals.lean,archived-v12-production,erdos20-v12-audit/archive/erdos20-lean-v12/SunflowerLean,d2edb5e6246cad5227cda874159fcc4bdff69c94ca9cb21a99166643ead993c3,7671
you-ve-been-interrupted-unexpectedly-please/work/erdos20-v12-audit/archive/erdos20-lean-v12/SunflowerLean/Erdos20ExtremalTwenty.lean,erdos_20/v12_audit/archive/erdos20-lean-v12/SunflowerLean/Erdos20ExtremalTwenty.lean,archived-v12-production,erdos20-v12-audit/archive/erdos20-lean-v12/SunflowerLean,d40c64d13bdb0ff3aedfe2e9e093a4495838482ca82d39ecd4da6fe02f308ad2,12506
you-ve-been-interrupted-unexpectedly-please/work/erdos20-v12-audit/archive/erdos20-lean-v12/SunflowerLean/Erdos20FiniteReduction.lean,erdos_20/v12_audit/archive/erdos20-lean-v12/SunflowerLean/Erdos20FiniteReduction.lean,archived-v12-production,erdos20-v12-audit/archive/erdos20-lean-v12/SunflowerLean,58bab68e9303fbba7525f1bfa6fdde293f7de4111836e475c0bb888edba4db62,15124
you-ve-been-interrupted-unexpectedly-please/work/erdos20-v12-audit/archive/erdos20-lean-v12/SunflowerLean/Erdos20FortyOne.lean,erdos_20/v12_audit/archive/erdos20-lean-v12/SunflowerLean/Erdos20FortyOne.lean,archived-v12-production,erdos20-v12-audit/archive/erdos20-lean-v12/SunflowerLean,aac2481e1bd79733902e326a3925099310ecb93915b5cf6090b34c0dcabe525e,13390
you-ve-been-interrupted-unexpectedly-please/work/erdos20-v12-audit/archive/erdos20-lean-v12/SunflowerLean/Erdos20FortyOneArithmetic.lean,erdos_20/v12_audit/archive/erdos20-lean-v12/SunflowerLean/Erdos20FortyOneArithmetic.lean,archived-v12-production,erdos20-v12-audit/archive/erdos20-lean-v12/SunflowerLean,8e5106954ddfa87e3715f7710aa10f22d2074c0606d762ec4920d4d7bdf2ec5f,10896
you-ve-been-interrupted-unexpectedly-please/work/erdos20-v12-audit/archive/erdos20-lean-v12/SunflowerLean/Erdos20Frontier.lean,erdos_20/v12_audit/archive/erdos20-lean-v12/SunflowerLean/Erdos20Frontier.lean,archived-v12-production,erdos20-v12-audit/archive/erdos20-lean-v12/SunflowerLean,7dfbc639c871bbc95ce78f66cd883c192baaf7246050e7d35282fe0a7579c9c8,5154
you-ve-been-interrupted-unexpectedly-please/work/erdos20-v12-audit/archive/erdos20-lean-v12/SunflowerLean/Erdos20GraphEquality.lean,erdos_20/v12_audit/archive/erdos20-lean-v12/SunflowerLean/Erdos20GraphEquality.lean,archived-v12-production,erdos20-v12-audit/archive/erdos20-lean-v12/SunflowerLean,ba0f6695d6bfea687d72b223a2eb455f27542a1736110267fa0b7648e871a814,20320
you-ve-been-interrupted-unexpectedly-please/work/erdos20-v12-audit/archive/erdos20-lean-v12/SunflowerLean/Erdos20GraphEqualityEndpoint.lean,erdos_20/v12_audit/archive/erdos20-lean-v12/SunflowerLean/Erdos20GraphEqualityEndpoint.lean,archived-v12-production,erdos20-v12-audit/archive/erdos20-lean-v12/SunflowerLean,4b5c3cdc57aba2c19b9a828dedb3f5f7bddd20f97303b1ae017fd6df467c61bd,8063
you-ve-been-interrupted-unexpectedly-please/work/erdos20-v12-audit/archive/erdos20-lean-v12/SunflowerLean/Erdos20GrowthRate.lean,erdos_20/v12_audit/archive/erdos20-lean-v12/SunflowerLean/Erdos20GrowthRate.lean,archived-v12-production,erdos20-v12-audit/archive/erdos20-lean-v12/SunflowerLean,123682cd2803110b0137109e19a97efd304bf2891c5a2ff4073ba32d41a2ab71,20119
you-ve-been-interrupted-unexpectedly-please/work/erdos20-v12-audit/archive/erdos20-lean-v12/SunflowerLean/Erdos20Incidence.lean,erdos_20/v12_audit/archive/erdos20-lean-v12/SunflowerLean/Erdos20Incidence.lean,archived-v12-production,erdos20-v12-audit/archive/erdos20-lean-v12/SunflowerLean,338f32e316853f68643d1a62708adcea7ccad18c27885aba8d339e643789c6f2,11065
you-ve-been-interrupted-unexpectedly-please/work/erdos20-v12-audit/archive/erdos20-lean-v12/SunflowerLean/Erdos20IteratedLower.lean,erdos_20/v12_audit/archive/erdos20-lean-v12/SunflowerLean/Erdos20IteratedLower.lean,archived-v12-production,erdos20-v12-audit/archive/erdos20-lean-v12/SunflowerLean,9e1c30f8d1013167e08288598ab5e0d1724d9d2e4786bb0e2a3e2790514e86fc,9063
you-ve-been-interrupted-unexpectedly-please/work/erdos20-v12-audit/archive/erdos20-lean-v12/SunflowerLean/Erdos20LocalStructure.lean,erdos_20/v12_audit/archive/erdos20-lean-v12/SunflowerLean/Erdos20LocalStructure.lean,archived-v12-production,erdos20-v12-audit/archive/erdos20-lean-v12/SunflowerLean,475a369572b10d524474474e2906516e7893a6224239f646756356813fad0deb,12476
you-ve-been-interrupted-unexpectedly-please/work/erdos20-v12-audit/archive/erdos20-lean-v12/SunflowerLean/Erdos20MeetingFiftySix.lean,erdos_20/v12_audit/archive/erdos20-lean-v12/SunflowerLean/Erdos20MeetingFiftySix.lean,archived-v12-production,erdos20-v12-audit/archive/erdos20-lean-v12/SunflowerLean,8607a4cc8a83080c65aeb90033aab9c62b67a3f35cde19807a289f07ba7eb47f,19573
you-ve-been-interrupted-unexpectedly-please/work/erdos20-v12-audit/archive/erdos20-lean-v12/SunflowerLean/Erdos20MixedCross.lean,erdos_20/v12_audit/archive/erdos20-lean-v12/SunflowerLean/Erdos20MixedCross.lean,archived-v12-production,erdos20-v12-audit/archive/erdos20-lean-v12/SunflowerLean,630f441f9190f149bbbd9d601516c2687da31d86c97b1c53287552a0a716ad14,5846
you-ve-been-interrupted-unexpectedly-please/work/erdos20-v12-audit/archive/erdos20-lean-v12/SunflowerLean/Erdos20NextFrontier.lean,erdos_20/v12_audit/archive/erdos20-lean-v12/SunflowerLean/Erdos20NextFrontier.lean,archived-v12-production,erdos20-v12-audit/archive/erdos20-lean-v12/SunflowerLean,02bd419c973623d41060ce666b79df6923cffd6d3bdbdcbfb6b52eda8a5f8f28,6640
you-ve-been-interrupted-unexpectedly-please/work/erdos20-v12-audit/archive/erdos20-lean-v12/SunflowerLean/Erdos20Obstructions.lean,erdos_20/v12_audit/archive/erdos20-lean-v12/SunflowerLean/Erdos20Obstructions.lean,archived-v12-production,erdos20-v12-audit/archive/erdos20-lean-v12/SunflowerLean,de67da57c70b8c73231199b52b0f159d335578698dfd1eabbc271c0787c25d80,4774
you-ve-been-interrupted-unexpectedly-please/work/erdos20-v12-audit/archive/erdos20-lean-v12/SunflowerLean/Erdos20RankFour.lean,erdos_20/v12_audit/archive/erdos20-lean-v12/SunflowerLean/Erdos20RankFour.lean,archived-v12-production,erdos20-v12-audit/archive/erdos20-lean-v12/SunflowerLean,4aa933a291c2b1582266f941c9287d49eb68a011f08a62fa7f2aadd79da096fa,21226
you-ve-been-interrupted-unexpectedly-please/work/erdos20-v12-audit/archive/erdos20-lean-v12/SunflowerLean/Erdos20RankFourPropagation.lean,erdos_20/v12_audit/archive/erdos20-lean-v12/SunflowerLean/Erdos20RankFourPropagation.lean,archived-v12-production,erdos20-v12-audit/archive/erdos20-lean-v12/SunflowerLean,fc0b34f50e2a4707c7d109b2756c1e62b8942f743c100f5575f23651e96de381,4550
you-ve-been-interrupted-unexpectedly-please/work/erdos20-v12-audit/archive/erdos20-lean-v12/SunflowerLean/Erdos20RankFourRefined.lean,erdos_20/v12_audit/archive/erdos20-lean-v12/SunflowerLean/Erdos20RankFourRefined.lean,archived-v12-production,erdos20-v12-audit/archive/erdos20-lean-v12/SunflowerLean,0bcd59aa7d3c11cee44d74182f943320c64477ba58e9ec0f71c13ceef9344f71,28224
you-ve-been-interrupted-unexpectedly-please/work/erdos20-v12-audit/archive/erdos20-lean-v12/SunflowerLean/Erdos20RankFourWitness.lean,erdos_20/v12_audit/archive/erdos20-lean-v12/SunflowerLean/Erdos20RankFourWitness.lean,archived-v12-production,erdos20-v12-audit/archive/erdos20-lean-v12/SunflowerLean,78a4a98db56da2d8d133f71e65e32cd355a66c2642b8e2ab8ce1541ed71afa58,1491
you-ve-been-interrupted-unexpectedly-please/work/erdos20-v12-audit/archive/erdos20-lean-v12/SunflowerLean/Erdos20RankThree.lean,erdos_20/v12_audit/archive/erdos20-lean-v12/SunflowerLean/Erdos20RankThree.lean,archived-v12-production,erdos20-v12-audit/archive/erdos20-lean-v12/SunflowerLean,adaf323385d46fae31cdafbcece025a232fb4e2b8264ea37c0272d1598858d7b,17953
you-ve-been-interrupted-unexpectedly-please/work/erdos20-v12-audit/archive/erdos20-lean-v12/SunflowerLean/Erdos20RankThreeEven.lean,erdos_20/v12_audit/archive/erdos20-lean-v12/SunflowerLean/Erdos20RankThreeEven.lean,archived-v12-production,erdos20-v12-audit/archive/erdos20-lean-v12/SunflowerLean,8e3b0aa0f0e45b055cadeb16491cfc0701e87677d829a0830b9d22f4a0b1be85,5996
you-ve-been-interrupted-unexpectedly-please/work/erdos20-v12-audit/archive/erdos20-lean-v12/SunflowerLean/Erdos20Research.lean,erdos_20/v12_audit/archive/erdos20-lean-v12/SunflowerLean/Erdos20Research.lean,archived-v12-production,erdos20-v12-audit/archive/erdos20-lean-v12/SunflowerLean,b4d860cc6df3df2140a6ed95060c193a3f40c4fe6cbbbcc8f3d6d12e6db9b670,11664
you-ve-been-interrupted-unexpectedly-please/work/erdos20-v12-audit/archive/erdos20-lean-v12/SunflowerLean/Erdos20SaturatedMeeting.lean,erdos_20/v12_audit/archive/erdos20-lean-v12/SunflowerLean/Erdos20SaturatedMeeting.lean,archived-v12-production,erdos20-v12-audit/archive/erdos20-lean-v12/SunflowerLean,b766ed0d12105aae33ac9b6cfed8caf50c6be7b64e608d90ceb18abffde5bdb7,12204
you-ve-been-interrupted-unexpectedly-please/work/erdos20-v12-audit/archive/erdos20-lean-v12/SunflowerLean/Erdos20SeededBounds.lean,erdos_20/v12_audit/archive/erdos20-lean-v12/SunflowerLean/Erdos20SeededBounds.lean,archived-v12-production,erdos20-v12-audit/archive/erdos20-lean-v12/SunflowerLean,d2b08b8601f68197ccd3091bdfee663d5bce363ba78d35a316bed02ba94659d7,2745
you-ve-been-interrupted-unexpectedly-please/work/erdos20-v12-audit/archive/erdos20-lean-v12/SunflowerLean/Erdos20SharpTriples.lean,erdos_20/v12_audit/archive/erdos20-lean-v12/SunflowerLean/Erdos20SharpTriples.lean,archived-v12-production,erdos20-v12-audit/archive/erdos20-lean-v12/SunflowerLean,c5867ba6f768de8c3a690b4496813dba18dc5dd2c565f8859c9e8ac55e840e02,18599
you-ve-been-interrupted-unexpectedly-please/work/erdos20-v12-audit/archive/erdos20-lean-v12/SunflowerLean/Erdos20SharpTwenty.lean,erdos_20/v12_audit/archive/erdos20-lean-v12/SunflowerLean/Erdos20SharpTwenty.lean,archived-v12-production,erdos20-v12-audit/archive/erdos20-lean-v12/SunflowerLean,e15ca8436c1ce1536de5a6afd5c6f2b9c995e0a9bd1bb46c17ee7e2fd45b42c1,2884
you-ve-been-interrupted-unexpectedly-please/work/erdos20-v12-audit/archive/erdos20-lean-v12/SunflowerLean/Erdos20SpreadPacking.lean,erdos_20/v12_audit/archive/erdos20-lean-v12/SunflowerLean/Erdos20SpreadPacking.lean,archived-v12-production,erdos20-v12-audit/archive/erdos20-lean-v12/SunflowerLean,1d1266ff3264bdcfe34a7c1fb6f0bf2cf0b845b9cba80d6ce217408d0511f1d7,9647
you-ve-been-interrupted-unexpectedly-please/work/erdos20-v12-audit/archive/erdos20-lean-v12/SunflowerLean/Erdos20StrictCore.lean,erdos_20/v12_audit/archive/erdos20-lean-v12/SunflowerLean/Erdos20StrictCore.lean,archived-v12-production,erdos20-v12-audit/archive/erdos20-lean-v12/SunflowerLean,f9ee0de249ad35dc8e11346760bca2a2b7f0e30ba8cf86c1b1ebc032062ec622,15152
you-ve-been-interrupted-unexpectedly-please/work/erdos20-v12-audit/archive/erdos20-lean-v12/SunflowerLean/Erdos20Substitution.lean,erdos_20/v12_audit/archive/erdos20-lean-v12/SunflowerLean/Erdos20Substitution.lean,archived-v12-production,erdos20-v12-audit/archive/erdos20-lean-v12/SunflowerLean,b0c1a14185bf3febab7565d61d5aa1e6e97357fb65e4ada0f9f8a6fbafbf6302,11747
you-ve-been-interrupted-unexpectedly-please/work/erdos20-v12-audit/archive/erdos20-lean-v12/SunflowerLean/Erdos20Tetrahedron.lean,erdos_20/v12_audit/archive/erdos20-lean-v12/SunflowerLean/Erdos20Tetrahedron.lean,archived-v12-production,erdos20-v12-audit/archive/erdos20-lean-v12/SunflowerLean,96d6d00bb0f600e5ac9946ff0daeaa22d38bc45ae9b3586f7d4bb7fd52b7a23b,10111
you-ve-been-interrupted-unexpectedly-please/work/erdos20-v12-audit/archive/erdos20-lean-v12/SunflowerLean/Erdos20ThreeCrossEdges.lean,erdos_20/v12_audit/archive/erdos20-lean-v12/SunflowerLean/Erdos20ThreeCrossEdges.lean,archived-v12-production,erdos20-v12-audit/archive/erdos20-lean-v12/SunflowerLean,7808e2c34b4c115ff4dd7fe72f7dd29d6f3a527a5116a13ba7d3f5ce6e82a8cc,8412
you-ve-been-interrupted-unexpectedly-please/work/erdos20-v12-audit/archive/erdos20-lean-v12/SunflowerLean/Erdos20TracePatterns.lean,erdos_20/v12_audit/archive/erdos20-lean-v12/SunflowerLean/Erdos20TracePatterns.lean,archived-v12-production,erdos20-v12-audit/archive/erdos20-lean-v12/SunflowerLean,dcdd79879408292d79fa6060b0d55aaab5c33233f6f8eb132953073eff3bcf15,10976
you-ve-been-interrupted-unexpectedly-please/work/erdos20-v12-audit/archive/erdos20-lean-v12/SunflowerLean/Erdos20TraceStructure.lean,erdos_20/v12_audit/archive/erdos20-lean-v12/SunflowerLean/Erdos20TraceStructure.lean,archived-v12-production,erdos20-v12-audit/archive/erdos20-lean-v12/SunflowerLean,f51342e26fe132fe87829e8e8512f3b5e2f9138f2c84b1f1f2656a9f947524fa,9299
you-ve-been-interrupted-unexpectedly-please/work/erdos20-v12-audit/archive/erdos20-lean-v12/SunflowerLean/Erdos20TripleReduction.lean,erdos_20/v12_audit/archive/erdos20-lean-v12/SunflowerLean/Erdos20TripleReduction.lean,archived-v12-production,erdos20-v12-audit/archive/erdos20-lean-v12/SunflowerLean,d2bc328dacad8029233637e10d1cfd7ca22680c042f757143ca291bee5c972e4,5030
you-ve-been-interrupted-unexpectedly-please/work/erdos20-v12-audit/archive/erdos20-lean-v12/SunflowerLean/Erdos20TripleWitness.lean,erdos_20/v12_audit/archive/erdos20-lean-v12/SunflowerLean/Erdos20TripleWitness.lean,archived-v12-production,erdos20-v12-audit/archive/erdos20-lean-v12/SunflowerLean,55c87441371d2f4e537218d1b8454d792883c3f90e563f8b4045b22c0b1db14d,4785
you-ve-been-interrupted-unexpectedly-please/work/erdos20-v12-audit/archive/erdos20-lean-v12/SunflowerLean/Erdos20V10AllMeeting.lean,erdos_20/v12_audit/archive/erdos20-lean-v12/SunflowerLean/Erdos20V10AllMeeting.lean,archived-v12-production,erdos20-v12-audit/archive/erdos20-lean-v12/SunflowerLean,9316f8d8fcb909bf145d3cf20d5c8ee444318aaf68a6bca70f8a72afee8dc434,6865
you-ve-been-interrupted-unexpectedly-please/work/erdos20-v12-audit/archive/erdos20-lean-v12/SunflowerLean/Erdos20V10BoundaryReduction.lean,erdos_20/v12_audit/archive/erdos20-lean-v12/SunflowerLean/Erdos20V10BoundaryReduction.lean,archived-v12-production,erdos20-v12-audit/archive/erdos20-lean-v12/SunflowerLean,102227f21e6986fbb9617e2b6512c30144b27c5ca79a8ae7dd75c1f4320d21b9,4091
you-ve-been-interrupted-unexpectedly-please/work/erdos20-v12-audit/archive/erdos20-lean-v12/SunflowerLean/Erdos20V10DisjointDegree.lean,erdos_20/v12_audit/archive/erdos20-lean-v12/SunflowerLean/Erdos20V10DisjointDegree.lean,archived-v12-production,erdos20-v12-audit/archive/erdos20-lean-v12/SunflowerLean,173f879f8d4a6942a52821468541578eb59e8a08579946a106ec2d736028c5f0,1866
you-ve-been-interrupted-unexpectedly-please/work/erdos20-v12-audit/archive/erdos20-lean-v12/SunflowerLean/Erdos20V10FiniteEndgame.lean,erdos_20/v12_audit/archive/erdos20-lean-v12/SunflowerLean/Erdos20V10FiniteEndgame.lean,archived-v12-production,erdos20-v12-audit/archive/erdos20-lean-v12/SunflowerLean,75e483978d632e0076c6cf140c9e22c5d38da7c11814794de00ec26e083925b7,2885
you-ve-been-interrupted-unexpectedly-please/work/erdos20-v12-audit/archive/erdos20-lean-v12/SunflowerLean/Erdos20V10HighParity.lean,erdos_20/v12_audit/archive/erdos20-lean-v12/SunflowerLean/Erdos20V10HighParity.lean,archived-v12-production,erdos20-v12-audit/archive/erdos20-lean-v12/SunflowerLean,62eae54ce96b8fd271a88b9afccb15b311e8c23e25f2ffc01bb37634a95c36c3,3787
you-ve-been-interrupted-unexpectedly-please/work/erdos20-v12-audit/archive/erdos20-lean-v12/SunflowerLean/Erdos20V10HighParityMain.lean,erdos_20/v12_audit/archive/erdos20-lean-v12/SunflowerLean/Erdos20V10HighParityMain.lean,archived-v12-production,erdos20-v12-audit/archive/erdos20-lean-v12/SunflowerLean,2d219614830821e1d70f85facb04659c6819560ceac90c886aae8aa0382a82b3,6541
you-ve-been-interrupted-unexpectedly-please/work/erdos20-v12-audit/archive/erdos20-lean-v12/SunflowerLean/Erdos20V10HighTriangle.lean,erdos_20/v12_audit/archive/erdos20-lean-v12/SunflowerLean/Erdos20V10HighTriangle.lean,archived-v12-production,erdos20-v12-audit/archive/erdos20-lean-v12/SunflowerLean,60a57afc02b21e0d2af9e4c436898062d2453344cdfc963081b3c0abf89d83d4,4134
you-ve-been-interrupted-unexpectedly-please/work/erdos20-v12-audit/archive/erdos20-lean-v12/SunflowerLean/Erdos20V10HighTriangleDegreeOne.lean,erdos_20/v12_audit/archive/erdos20-lean-v12/SunflowerLean/Erdos20V10HighTriangleDegreeOne.lean,archived-v12-production,erdos20-v12-audit/archive/erdos20-lean-v12/SunflowerLean,7f05a2f77cdc174295d7dea454cf347c0f0e813f594c9d9a9a62636349e1eebc,7014
you-ve-been-interrupted-unexpectedly-please/work/erdos20-v12-audit/archive/erdos20-lean-v12/SunflowerLean/Erdos20V10HighTriangleGeometry.lean,erdos_20/v12_audit/archive/erdos20-lean-v12/SunflowerLean/Erdos20V10HighTriangleGeometry.lean,archived-v12-production,erdos20-v12-audit/archive/erdos20-lean-v12/SunflowerLean,48370063ba1e9e119631ccdd6d7031ab7d1fc4909ff80298454ec52464fa4fa7,4649
you-ve-been-interrupted-unexpectedly-please/work/erdos20-v12-audit/archive/erdos20-lean-v12/SunflowerLean/Erdos20V10HighTriangleIncidence.lean,erdos_20/v12_audit/archive/erdos20-lean-v12/SunflowerLean/Erdos20V10HighTriangleIncidence.lean,archived-v12-production,erdos20-v12-audit/archive/erdos20-lean-v12/SunflowerLean,a7cbf6731d9c5c7d6df6dec397578bc55e06c3aadb364d873ccb5a400d70b481,2195
you-ve-been-interrupted-unexpectedly-please/work/erdos20-v12-audit/archive/erdos20-lean-v12/SunflowerLean/Erdos20V10HighTriangleMain.lean,erdos_20/v12_audit/archive/erdos20-lean-v12/SunflowerLean/Erdos20V10HighTriangleMain.lean,archived-v12-production,erdos20-v12-audit/archive/erdos20-lean-v12/SunflowerLean,1389b401fba08fc70fb3e9e4e42328a0d1faa694166588e001907d80d501a07b,4078
you-ve-been-interrupted-unexpectedly-please/work/erdos20-v12-audit/archive/erdos20-lean-v12/SunflowerLean/Erdos20V10HighTriangleTransfer.lean,erdos_20/v12_audit/archive/erdos20-lean-v12/SunflowerLean/Erdos20V10HighTriangleTransfer.lean,archived-v12-production,erdos20-v12-audit/archive/erdos20-lean-v12/SunflowerLean,d25b30918e48c5ab7cae47b6a59a5138540b6c4919f4b2e314943a9018af7807,3519
you-ve-been-interrupted-unexpectedly-please/work/erdos20-v12-audit/archive/erdos20-lean-v12/SunflowerLean/Erdos20V10MinimumDegree.lean,erdos_20/v12_audit/archive/erdos20-lean-v12/SunflowerLean/Erdos20V10MinimumDegree.lean,archived-v12-production,erdos20-v12-audit/archive/erdos20-lean-v12/SunflowerLean,1f85de81670903bf88c372f37f49121b4238d8f852128351c2706e5d45998df3,2028
you-ve-been-interrupted-unexpectedly-please/work/erdos20-v12-audit/archive/erdos20-lean-v12/SunflowerLean/Erdos20V10Profile54.lean,erdos_20/v12_audit/archive/erdos20-lean-v12/SunflowerLean/Erdos20V10Profile54.lean,archived-v12-production,erdos20-v12-audit/archive/erdos20-lean-v12/SunflowerLean,2f0b2745f6ff844dcb3fd7a61ac64367227690a393f3d2d5977f875a580f460b,2028
you-ve-been-interrupted-unexpectedly-please/work/erdos20-v12-audit/archive/erdos20-lean-v12/SunflowerLean/Erdos20V10Profile54Bridge.lean,erdos_20/v12_audit/archive/erdos20-lean-v12/SunflowerLean/Erdos20V10Profile54Bridge.lean,archived-v12-production,erdos20-v12-audit/archive/erdos20-lean-v12/SunflowerLean,fdf92f6387721b5d1c147fb1e9ed65712dd89691409b7c4068e747d1e531da6e,10297
you-ve-been-interrupted-unexpectedly-please/work/erdos20-v12-audit/archive/erdos20-lean-v12/SunflowerLean/Erdos20V10Profile54DegreeCap.lean,erdos_20/v12_audit/archive/erdos20-lean-v12/SunflowerLean/Erdos20V10Profile54DegreeCap.lean,archived-v12-production,erdos20-v12-audit/archive/erdos20-lean-v12/SunflowerLean,043bdc0aa2af975fc9aec588cb9f2ca9a966816f20f317f4e20623fd10c2d5d6,4578
you-ve-been-interrupted-unexpectedly-please/work/erdos20-v12-audit/archive/erdos20-lean-v12/SunflowerLean/Erdos20V10Profile54LowScores.lean,erdos_20/v12_audit/archive/erdos20-lean-v12/SunflowerLean/Erdos20V10Profile54LowScores.lean,archived-v12-production,erdos20-v12-audit/archive/erdos20-lean-v12/SunflowerLean,11031d287a4767d5cb28c3c513943b14d1482baae96ca0be76a48b61ce27fdfa,2008
you-ve-been-interrupted-unexpectedly-please/work/erdos20-v12-audit/archive/erdos20-lean-v12/SunflowerLean/Erdos20V10Profile54LowScoresBridge.lean,erdos_20/v12_audit/archive/erdos20-lean-v12/SunflowerLean/Erdos20V10Profile54LowScoresBridge.lean,archived-v12-production,erdos20-v12-audit/archive/erdos20-lean-v12/SunflowerLean,73a6c31481a364b8d71f004fafa87c77ffec426741ba1593e0e19dd46bd70a7f,10890
you-ve-been-interrupted-unexpectedly-please/work/erdos20-v12-audit/archive/erdos20-lean-v12/SunflowerLean/Erdos20V10Profile54Score.lean,erdos_20/v12_audit/archive/erdos20-lean-v12/SunflowerLean/Erdos20V10Profile54Score.lean,archived-v12-production,erdos20-v12-audit/archive/erdos20-lean-v12/SunflowerLean,ed1140422c47ba525bde69b1033e9d0910e9115ff86e7ce16d01f5f8d8f41cf6,2447
you-ve-been-interrupted-unexpectedly-please/work/erdos20-v12-audit/archive/erdos20-lean-v12/SunflowerLean/Erdos20V10Profile54ScoreBridge.lean,erdos_20/v12_audit/archive/erdos20-lean-v12/SunflowerLean/Erdos20V10Profile54ScoreBridge.lean,archived-v12-production,erdos20-v12-audit/archive/erdos20-lean-v12/SunflowerLean,55c29ed8fd465c153caadcad00bb1d0cd183ba01e817e64ba5af8046fcded823,10831
you-ve-been-interrupted-unexpectedly-please/work/erdos20-v12-audit/archive/erdos20-lean-v12/SunflowerLean/Erdos20V10Profile54Seventeen.lean,erdos_20/v12_audit/archive/erdos20-lean-v12/SunflowerLean/Erdos20V10Profile54Seventeen.lean,archived-v12-production,erdos20-v12-audit/archive/erdos20-lean-v12/SunflowerLean,a6b8433f8ed91493cdcb7715c324c5ca0c4194a2492604476bc07a70843b9c16,2450
you-ve-been-interrupted-unexpectedly-please/work/erdos20-v12-audit/archive/erdos20-lean-v12/SunflowerLean/Erdos20V10Profile54SeventeenCap.lean,erdos_20/v12_audit/archive/erdos20-lean-v12/SunflowerLean/Erdos20V10Profile54SeventeenCap.lean,archived-v12-production,erdos20-v12-audit/archive/erdos20-lean-v12/SunflowerLean,5b0ae554b681454c097c2d85e40d15e52c894f376fae1633e1c6de1b1c19f396,1265
you-ve-been-interrupted-unexpectedly-please/work/erdos20-v12-audit/archive/erdos20-lean-v12/SunflowerLean/Erdos20V11Census.lean,erdos_20/v12_audit/archive/erdos20-lean-v12/SunflowerLean/Erdos20V11Census.lean,archived-v12-production,erdos20-v12-audit/archive/erdos20-lean-v12/SunflowerLean,99a19cb868d8dff99256f7793f8cf5d4e54682a0143329e6aeb505de1b7e8cae,5327
you-ve-been-interrupted-unexpectedly-please/work/erdos20-v12-audit/archive/erdos20-lean-v12/SunflowerLean/Erdos20V11CensusCapacity.lean,erdos_20/v12_audit/archive/erdos20-lean-v12/SunflowerLean/Erdos20V11CensusCapacity.lean,archived-v12-production,erdos20-v12-audit/archive/erdos20-lean-v12/SunflowerLean,cc250abc298df1971bb58a74e63e041b4d86e47420ad6ebafa643490241715c7,7086
you-ve-been-interrupted-unexpectedly-please/work/erdos20-v12-audit/archive/erdos20-lean-v12/SunflowerLean/Erdos20V11CensusCommonSupport.lean,erdos_20/v12_audit/archive/erdos20-lean-v12/SunflowerLean/Erdos20V11CensusCommonSupport.lean,archived-v12-production,erdos20-v12-audit/archive/erdos20-lean-v12/SunflowerLean,bd971d7b83c9264e2bc4137cfeedfbee964d8b2646e21945022b9c7c6fb80985,4404
you-ve-been-interrupted-unexpectedly-please/work/erdos20-v12-audit/archive/erdos20-lean-v12/SunflowerLean/Erdos20V11CensusFinal.lean,erdos_20/v12_audit/archive/erdos20-lean-v12/SunflowerLean/Erdos20V11CensusFinal.lean,archived-v12-production,erdos20-v12-audit/archive/erdos20-lean-v12/SunflowerLean,e8e0ceb1ad5522d535fa77f5e9098a2b1cb51a85eac56a053717d18b23a3d18e,3918
you-ve-been-interrupted-unexpectedly-please/work/erdos20-v12-audit/archive/erdos20-lean-v12/SunflowerLean/Erdos20V11CensusIndependentTriple.lean,erdos_20/v12_audit/archive/erdos20-lean-v12/SunflowerLean/Erdos20V11CensusIndependentTriple.lean,archived-v12-production,erdos20-v12-audit/archive/erdos20-lean-v12/SunflowerLean,bdb1354a1f7c9715051be56125a9889a7afee0b235b4023c0f74e5f81a55f0d4,2554
you-ve-been-interrupted-unexpectedly-please/work/erdos20-v12-audit/archive/erdos20-lean-v12/SunflowerLean/Erdos20V11CensusTenProfiles.lean,erdos_20/v12_audit/archive/erdos20-lean-v12/SunflowerLean/Erdos20V11CensusTenProfiles.lean,archived-v12-production,erdos20-v12-audit/archive/erdos20-lean-v12/SunflowerLean,f3118ffbd83121def8be4a0da239d39b93c3dde677e91d95414764d26373166c,1775
you-ve-been-interrupted-unexpectedly-please/work/erdos20-v12-audit/archive/erdos20-lean-v12/SunflowerLean/Erdos20V11DegreeSeventeen.lean,erdos_20/v12_audit/archive/erdos20-lean-v12/SunflowerLean/Erdos20V11DegreeSeventeen.lean,archived-v12-production,erdos20-v12-audit/archive/erdos20-lean-v12/SunflowerLean,d522d1a62c9d5bc29223c6dbe78ee40a104d796356658a8046c2c7bb1dccb080,6373
you-ve-been-interrupted-unexpectedly-please/work/erdos20-v12-audit/archive/erdos20-lean-v12/SunflowerLean/Erdos20V11DegreeSeventeenLink.lean,erdos_20/v12_audit/archive/erdos20-lean-v12/SunflowerLean/Erdos20V11DegreeSeventeenLink.lean,archived-v12-production,erdos20-v12-audit/archive/erdos20-lean-v12/SunflowerLean,1371e3f300ebd11b2ef5e4b4ce26001c4168582b4c6ddb83803b21434730b34b,5258
you-ve-been-interrupted-unexpectedly-please/work/erdos20-v12-audit/archive/erdos20-lean-v12/SunflowerLean/Erdos20V11DegreeSeventeenTrace.lean,erdos_20/v12_audit/archive/erdos20-lean-v12/SunflowerLean/Erdos20V11DegreeSeventeenTrace.lean,archived-v12-production,erdos20-v12-audit/archive/erdos20-lean-v12/SunflowerLean,2a0349ecd8dce096b703815932890c55c3b1347251c22a975050c681dca6a7ca,4512
you-ve-been-interrupted-unexpectedly-please/work/erdos20-v12-audit/archive/erdos20-lean-v12/SunflowerLean/Erdos20V11EdgeCapacity.lean,erdos_20/v12_audit/archive/erdos20-lean-v12/SunflowerLean/Erdos20V11EdgeCapacity.lean,archived-v12-production,erdos20-v12-audit/archive/erdos20-lean-v12/SunflowerLean,09425bbe2763fb68a66eaaa5e94ee79a368d8b4d6cbf8286aa732acb46618a5d,4820
you-ve-been-interrupted-unexpectedly-please/work/erdos20-v12-audit/archive/erdos20-lean-v12/SunflowerLean/Erdos20V11EdgeCapacityThree.lean,erdos_20/v12_audit/archive/erdos20-lean-v12/SunflowerLean/Erdos20V11EdgeCapacityThree.lean,archived-v12-production,erdos20-v12-audit/archive/erdos20-lean-v12/SunflowerLean,533d9d7b3e035f7235e7004be6f9573871f6d7d2c0b0a41461581efe6f120685,4847
you-ve-been-interrupted-unexpectedly-please/work/erdos20-v12-audit/archive/erdos20-lean-v12/SunflowerLean/Erdos20V11EdgePairs.lean,erdos_20/v12_audit/archive/erdos20-lean-v12/SunflowerLean/Erdos20V11EdgePairs.lean,archived-v12-production,erdos20-v12-audit/archive/erdos20-lean-v12/SunflowerLean,a56403b5d4314f3ac3073661dbdfee3a7dfffbd19e84f49d0f2ebefe0b80e32a,3518
you-ve-been-interrupted-unexpectedly-please/work/erdos20-v12-audit/archive/erdos20-lean-v12/SunflowerLean/Erdos20V11EdgeThird.lean,erdos_20/v12_audit/archive/erdos20-lean-v12/SunflowerLean/Erdos20V11EdgeThird.lean,archived-v12-production,erdos20-v12-audit/archive/erdos20-lean-v12/SunflowerLean,680d162a5c207ed572e7867aa4331000f9f6ee81a5402980aa87ea6b95d06432,1718
you-ve-been-interrupted-unexpectedly-please/work/erdos20-v12-audit/archive/erdos20-lean-v12/SunflowerLean/Erdos20V11EdgeThirdDesign.lean,erdos_20/v12_audit/archive/erdos20-lean-v12/SunflowerLean/Erdos20V11EdgeThirdDesign.lean,archived-v12-production,erdos20-v12-audit/archive/erdos20-lean-v12/SunflowerLean,1ac6da8574445c510a0e8a74d2d18a38a31db80f3ab30e9134aa48627b5a2267,3043
you-ve-been-interrupted-unexpectedly-please/work/erdos20-v12-audit/archive/erdos20-lean-v12/SunflowerLean/Erdos20V11EdgeThirdSupport.lean,erdos_20/v12_audit/archive/erdos20-lean-v12/SunflowerLean/Erdos20V11EdgeThirdSupport.lean,archived-v12-production,erdos20-v12-audit/archive/erdos20-lean-v12/SunflowerLean,6c75192fba2029759c842ccbb903f2cd0c80c025dba2947970dc38d59f19f170,6166
you-ve-been-interrupted-unexpectedly-please/work/erdos20-v12-audit/archive/erdos20-lean-v12/SunflowerLean/Erdos20V11EdgeTrace.lean,erdos_20/v12_audit/archive/erdos20-lean-v12/SunflowerLean/Erdos20V11EdgeTrace.lean,archived-v12-production,erdos20-v12-audit/archive/erdos20-lean-v12/SunflowerLean,2b909edfd97633f609477d6c1f9c702b12902e22280e003025d78ff9308ddab2,6162
you-ve-been-interrupted-unexpectedly-please/work/erdos20-v12-audit/archive/erdos20-lean-v12/SunflowerLean/Erdos20V11Final.lean,erdos_20/v12_audit/archive/erdos20-lean-v12/SunflowerLean/Erdos20V11Final.lean,archived-v12-production,erdos20-v12-audit/archive/erdos20-lean-v12/SunflowerLean,90f495a6f7ffd223be2b076cdf8b8d7274378b635de79167caa11bd235a3490f,3479
you-ve-been-interrupted-unexpectedly-please/work/erdos20-v12-audit/archive/erdos20-lean-v12/SunflowerLean/Erdos20V11HighCommon.lean,erdos_20/v12_audit/archive/erdos20-lean-v12/SunflowerLean/Erdos20V11HighCommon.lean,archived-v12-production,erdos20-v12-audit/archive/erdos20-lean-v12/SunflowerLean,bd8dbeb1173b02edf6030a8f7c7d913a8cac2d43e20e0977783b6d43d9ae4f86,7523
you-ve-been-interrupted-unexpectedly-please/work/erdos20-v12-audit/archive/erdos20-lean-v12/SunflowerLean/Erdos20V11HighEdgeCounts.lean,erdos_20/v12_audit/archive/erdos20-lean-v12/SunflowerLean/Erdos20V11HighEdgeCounts.lean,archived-v12-production,erdos20-v12-audit/archive/erdos20-lean-v12/SunflowerLean,1d52bb6401a37f434149b848b7ed7cd75ec9c4a32cf785773f00154f1789d3ed,3013
you-ve-been-interrupted-unexpectedly-please/work/erdos20-v12-audit/archive/erdos20-lean-v12/SunflowerLean/Erdos20V11HighEdgeDegree.lean,erdos_20/v12_audit/archive/erdos20-lean-v12/SunflowerLean/Erdos20V11HighEdgeDegree.lean,archived-v12-production,erdos20-v12-audit/archive/erdos20-lean-v12/SunflowerLean,dc5c66b35b4871bc60d616f9b661e904b6be05862126eed49145ffb32ae0d783,5713
you-ve-been-interrupted-unexpectedly-please/work/erdos20-v12-audit/archive/erdos20-lean-v12/SunflowerLean/Erdos20V11HighEdgeReserve.lean,erdos_20/v12_audit/archive/erdos20-lean-v12/SunflowerLean/Erdos20V11HighEdgeReserve.lean,archived-v12-production,erdos20-v12-audit/archive/erdos20-lean-v12/SunflowerLean,c5a5828c6b5a0e56d1a4cf837d8df620aea8471f3d952014dbb70fdf75090cda,4317
you-ve-been-interrupted-unexpectedly-please/work/erdos20-v12-audit/archive/erdos20-lean-v12/SunflowerLean/Erdos20V11HighSupport.lean,erdos_20/v12_audit/archive/erdos20-lean-v12/SunflowerLean/Erdos20V11HighSupport.lean,archived-v12-production,erdos20-v12-audit/archive/erdos20-lean-v12/SunflowerLean,684c178f20521fd8cc7dae719d9ad6a2090813e5684dc526fe480a35063e0992,8373
you-ve-been-interrupted-unexpectedly-please/work/erdos20-v12-audit/archive/erdos20-lean-v12/SunflowerLean/Erdos20V12DegreeSeventeen.lean,erdos_20/v12_audit/archive/erdos20-lean-v12/SunflowerLean/Erdos20V12DegreeSeventeen.lean,archived-v12-production,erdos20-v12-audit/archive/erdos20-lean-v12/SunflowerLean,8f49e09a47dddfba7e8957e4061cccad6963b319d6527b251917b5f2918788ca,5773
you-ve-been-interrupted-unexpectedly-please/work/erdos20-v12-audit/archive/erdos20-lean-v12/SunflowerLean/Erdos20V12Final.lean,erdos_20/v12_audit/archive/erdos20-lean-v12/SunflowerLean/Erdos20V12Final.lean,archived-v12-production,erdos20-v12-audit/archive/erdos20-lean-v12/SunflowerLean,ff42e53557fffafb5e08bc7c915b3d963ac37168f8cfbc15be245e544e7f4dcc,1370
you-ve-been-interrupted-unexpectedly-please/work/erdos20-v12-audit/archive/erdos20-lean-v12/SunflowerLean/Erdos20V12HighCard.lean,erdos_20/v12_audit/archive/erdos20-lean-v12/SunflowerLean/Erdos20V12HighCard.lean,archived-v12-production,erdos20-v12-audit/archive/erdos20-lean-v12/SunflowerLean,00eaedc7b3a2aa0fea7edcb24c8f8f9b0d8559e290bfee0261e98da37afe7cd4,3093
you-ve-been-interrupted-unexpectedly-please/work/erdos20-v12-audit/archive/erdos20-lean-v12/SunflowerLean/Erdos20V12HighCardGraph.lean,erdos_20/v12_audit/archive/erdos20-lean-v12/SunflowerLean/Erdos20V12HighCardGraph.lean,archived-v12-production,erdos20-v12-audit/archive/erdos20-lean-v12/SunflowerLean,cb34ccc2c883d905a4f7b7eec716ed21f8984545ca3404b532780b381bbef4b2,4419
you-ve-been-interrupted-unexpectedly-please/work/erdos20-v12-audit/archive/erdos20-lean-v12/SunflowerLean/Erdos20V12HighCardPairs.lean,erdos_20/v12_audit/archive/erdos20-lean-v12/SunflowerLean/Erdos20V12HighCardPairs.lean,archived-v12-production,erdos20-v12-audit/archive/erdos20-lean-v12/SunflowerLean,5e797f34f8e4875223e9c45926811216ef408ece482b4a6cbf25b211de464e08,4495
you-ve-been-interrupted-unexpectedly-please/work/erdos20-v12-audit/archive/erdos20-lean-v12/SunflowerLean/Erdos20V12HighCardTwo.lean,erdos_20/v12_audit/archive/erdos20-lean-v12/SunflowerLean/Erdos20V12HighCardTwo.lean,archived-v12-production,erdos20-v12-audit/archive/erdos20-lean-v12/SunflowerLean,1bef7fbdd78891fa1aa813de222ec6e3572d48372f665d5bc329b8a652046b70,5725
you-ve-been-interrupted-unexpectedly-please/work/erdos20-v12-audit/archive/erdos20-lean-v12/SunflowerLean/Erdos20V12HighEdge.lean,erdos_20/v12_audit/archive/erdos20-lean-v12/SunflowerLean/Erdos20V12HighEdge.lean,archived-v12-production,erdos20-v12-audit/archive/erdos20-lean-v12/SunflowerLean,09b086adc6e5486d6e755f32751d231bf13edd045112f2eb419e4044e0beb473,5871
you-ve-been-interrupted-unexpectedly-please/work/erdos20-v12-audit/archive/erdos20-lean-v12/SunflowerLean/Erdos20V12Intersecting.lean,erdos_20/v12_audit/archive/erdos20-lean-v12/SunflowerLean/Erdos20V12Intersecting.lean,archived-v12-production,erdos20-v12-audit/archive/erdos20-lean-v12/SunflowerLean,75741ad91fef2555bfb20899a216d19f7e022e1bff56c2ed71f455d88a7761f1,2664
you-ve-been-interrupted-unexpectedly-please/work/erdos20-v12-audit/archive/erdos20-lean-v12/SunflowerLean/Erdos20V12Nineteen.lean,erdos_20/v12_audit/archive/erdos20-lean-v12/SunflowerLean/Erdos20V12Nineteen.lean,archived-v12-production,erdos20-v12-audit/archive/erdos20-lean-v12/SunflowerLean,fe3510309d60edcd3c154b423eff7b1b7acccd6115b432caca22047f6b592d45,6177
you-ve-been-interrupted-unexpectedly-please/work/erdos20-v12-audit/archive/erdos20-lean-v12/SunflowerLean/Erdos20V12ProfileReduction.lean,erdos_20/v12_audit/archive/erdos20-lean-v12/SunflowerLean/Erdos20V12ProfileReduction.lean,archived-v12-production,erdos20-v12-audit/archive/erdos20-lean-v12/SunflowerLean,6639e6e02e7f7c3832cd6fd663330e72010025ed8e41ca7c548ddb0450d05eca,3709
you-ve-been-interrupted-unexpectedly-please/work/erdos20-v12-audit/archive/erdos20-lean-v12/SunflowerLean/Erdos20V12ProfileScore.lean,erdos_20/v12_audit/archive/erdos20-lean-v12/SunflowerLean/Erdos20V12ProfileScore.lean,archived-v12-production,erdos20-v12-audit/archive/erdos20-lean-v12/SunflowerLean,8ae43d1af45e36b911c5800fb37d97104e2ad43db0e1c389d634fcf8d9130fd3,1319
you-ve-been-interrupted-unexpectedly-please/work/erdos20-v12-audit/archive/erdos20-lean-v12/SunflowerLean/Erdos20V12ProfileScoreBridge.lean,erdos_20/v12_audit/archive/erdos20-lean-v12/SunflowerLean/Erdos20V12ProfileScoreBridge.lean,archived-v12-production,erdos20-v12-audit/archive/erdos20-lean-v12/SunflowerLean,269dbbacff7787a6224e8c3449fa635eee37608bb9ba150ab7652f6a2979f679,10100
you-ve-been-interrupted-unexpectedly-please/work/erdos20-v12-audit/archive/erdos20-lean-v12/SunflowerLean/Erdos20V3Frontier.lean,erdos_20/v12_audit/archive/erdos20-lean-v12/SunflowerLean/Erdos20V3Frontier.lean,archived-v12-production,erdos20-v12-audit/archive/erdos20-lean-v12/SunflowerLean,2465fc86c8e07fd1f616779cff7b8c0e19ffa126579cdb0a8acadf6a10d5b64a,2948
you-ve-been-interrupted-unexpectedly-please/work/erdos20-v12-audit/archive/erdos20-lean-v12/SunflowerLean/Erdos20V4Frontier.lean,erdos_20/v12_audit/archive/erdos20-lean-v12/SunflowerLean/Erdos20V4Frontier.lean,archived-v12-production,erdos20-v12-audit/archive/erdos20-lean-v12/SunflowerLean,8ea4774ea39ee5be0e431b13d54dc36f316afb13d8a64da10d705a11809c3c8e,3136
you-ve-been-interrupted-unexpectedly-please/work/erdos20-v12-audit/archive/erdos20-lean-v12/SunflowerLean/Erdos20V5Frontier.lean,erdos_20/v12_audit/archive/erdos20-lean-v12/SunflowerLean/Erdos20V5Frontier.lean,archived-v12-production,erdos20-v12-audit/archive/erdos20-lean-v12/SunflowerLean,4c39c26f4e05a257e5f5fec66b48b2e5bac6506e035250eb068d6ab946d57673,2370
you-ve-been-interrupted-unexpectedly-please/work/erdos20-v12-audit/archive/erdos20-lean-v12/SunflowerLean/Erdos20V6Bounds.lean,erdos_20/v12_audit/archive/erdos20-lean-v12/SunflowerLean/Erdos20V6Bounds.lean,archived-v12-production,erdos20-v12-audit/archive/erdos20-lean-v12/SunflowerLean,789c2621d115f3cea2c16b0a622acbf1f55e26bae76852bb582f632faf4ad61c,4387
you-ve-been-interrupted-unexpectedly-please/work/erdos20-v12-audit/archive/erdos20-lean-v12/SunflowerLean/Erdos20V7Bounds.lean,erdos_20/v12_audit/archive/erdos20-lean-v12/SunflowerLean/Erdos20V7Bounds.lean,archived-v12-production,erdos20-v12-audit/archive/erdos20-lean-v12/SunflowerLean,7edfd6296376d2453ba3029fc0b641666ec860f1d5f82af2669671351ee71b9d,4326
you-ve-been-interrupted-unexpectedly-please/work/erdos20-v12-audit/archive/erdos20-lean-v12/SunflowerLean/Erdos20V8Boundary.lean,erdos_20/v12_audit/archive/erdos20-lean-v12/SunflowerLean/Erdos20V8Boundary.lean,archived-v12-production,erdos20-v12-audit/archive/erdos20-lean-v12/SunflowerLean,c00e8a3e9e617ed13070736d955fa1a92baf0f3e3ad7b4023b6778dcebd6cd8f,3465
you-ve-been-interrupted-unexpectedly-please/work/erdos20-v12-audit/archive/erdos20-lean-v12/SunflowerLean/Erdos20V8BoundaryReduction.lean,erdos_20/v12_audit/archive/erdos20-lean-v12/SunflowerLean/Erdos20V8BoundaryReduction.lean,archived-v12-production,erdos20-v12-audit/archive/erdos20-lean-v12/SunflowerLean,c48b807212dc9b6a50d218aa010caa6eed18faf36ba64263171b49c81fe8fff4,2301
you-ve-been-interrupted-unexpectedly-please/work/erdos20-v12-audit/archive/erdos20-lean-v12/SunflowerLean/Erdos20V8Consequences.lean,erdos_20/v12_audit/archive/erdos20-lean-v12/SunflowerLean/Erdos20V8Consequences.lean,archived-v12-production,erdos20-v12-audit/archive/erdos20-lean-v12/SunflowerLean,b5a6de896d98a6a63ce24fd88a27377df7253bc6c66744b4b3a1c0ae5ee4bef3,3553
you-ve-been-interrupted-unexpectedly-please/work/erdos20-v12-audit/archive/erdos20-lean-v12/SunflowerLean/Erdos20V8DesignCounts.lean,erdos_20/v12_audit/archive/erdos20-lean-v12/SunflowerLean/Erdos20V8DesignCounts.lean,archived-v12-production,erdos20-v12-audit/archive/erdos20-lean-v12/SunflowerLean,af7c092827c77a16dede2deae160022dfb1eee147b469a256f2011afd591f8bb,9685
you-ve-been-interrupted-unexpectedly-please/work/erdos20-v12-audit/archive/erdos20-lean-v12/SunflowerLean/Erdos20V8Final.lean,erdos_20/v12_audit/archive/erdos20-lean-v12/SunflowerLean/Erdos20V8Final.lean,archived-v12-production,erdos20-v12-audit/archive/erdos20-lean-v12/SunflowerLean,ce55850e90751e823d4a5c94acfb1948f84e34dd3b617eae26975923279ce30a,3223
you-ve-been-interrupted-unexpectedly-please/work/erdos20-v12-audit/archive/erdos20-lean-v12/SunflowerLean/Erdos20V8Global.lean,erdos_20/v12_audit/archive/erdos20-lean-v12/SunflowerLean/Erdos20V8Global.lean,archived-v12-production,erdos20-v12-audit/archive/erdos20-lean-v12/SunflowerLean,5055e8abb35ad5ec82c4648c3d1802e4f62d67cdd8509dc0d86af8e3a8bf81a1,17463
you-ve-been-interrupted-unexpectedly-please/work/erdos20-v12-audit/archive/erdos20-lean-v12/SunflowerLean/Erdos20V8HighDegrees.lean,erdos_20/v12_audit/archive/erdos20-lean-v12/SunflowerLean/Erdos20V8HighDegrees.lean,archived-v12-production,erdos20-v12-audit/archive/erdos20-lean-v12/SunflowerLean,db2690a9388af66ef55f5c9cb0348ca4e87bf14a89294635ca1c7d9aea4a183f,3808
you-ve-been-interrupted-unexpectedly-please/work/erdos20-v12-audit/archive/erdos20-lean-v12/SunflowerLean/Erdos20V8HighWeights.lean,erdos_20/v12_audit/archive/erdos20-lean-v12/SunflowerLean/Erdos20V8HighWeights.lean,archived-v12-production,erdos20-v12-audit/archive/erdos20-lean-v12/SunflowerLean,d253e3c8958b83e77ddbbace6013f4780d6b50a2db7d33e21fdc9dfd718f2513,7887
you-ve-been-interrupted-unexpectedly-please/work/erdos20-v12-audit/archive/erdos20-lean-v12/SunflowerLean/Erdos20V8Intersecting.lean,erdos_20/v12_audit/archive/erdos20-lean-v12/SunflowerLean/Erdos20V8Intersecting.lean,archived-v12-production,erdos20-v12-audit/archive/erdos20-lean-v12/SunflowerLean,a11908a575279204b1d6368fb77dc24f9cd01cb673e6ed29bc99967915d3d782,15787
you-ve-been-interrupted-unexpectedly-please/work/erdos20-v12-audit/archive/erdos20-lean-v12/SunflowerLean/Erdos20V8MeetingProfile.lean,erdos_20/v12_audit/archive/erdos20-lean-v12/SunflowerLean/Erdos20V8MeetingProfile.lean,archived-v12-production,erdos20-v12-audit/archive/erdos20-lean-v12/SunflowerLean,35f9beea08b5c907ccfe5c2767d76b67d37bffc8bd9ee721a90c5e674132d1d9,4874
you-ve-been-interrupted-unexpectedly-please/work/erdos20-v12-audit/archive/erdos20-lean-v12/SunflowerLean/Erdos20V8ProfileBridge.lean,erdos_20/v12_audit/archive/erdos20-lean-v12/SunflowerLean/Erdos20V8ProfileBridge.lean,archived-v12-production,erdos20-v12-audit/archive/erdos20-lean-v12/SunflowerLean,f0c2ac4107d277c1a9562b1c64c4412f393d23388a53b1e64385a5277ca5ebc8,12070
you-ve-been-interrupted-unexpectedly-please/work/erdos20-v12-audit/archive/erdos20-lean-v12/SunflowerLean/Erdos20V8Saturated.lean,erdos_20/v12_audit/archive/erdos20-lean-v12/SunflowerLean/Erdos20V8Saturated.lean,archived-v12-production,erdos20-v12-audit/archive/erdos20-lean-v12/SunflowerLean,fdd138161f9a9364b16574331cdc5db1b36ecf16f225351009dbf9553a0704aa,7057
you-ve-been-interrupted-unexpectedly-please/work/erdos20-v12-audit/archive/erdos20-lean-v12/SunflowerLean/Erdos20V8SaturatedWitness.lean,erdos_20/v12_audit/archive/erdos20-lean-v12/SunflowerLean/Erdos20V8SaturatedWitness.lean,archived-v12-production,erdos20-v12-audit/archive/erdos20-lean-v12/SunflowerLean,e4d33e78bea9b8f53c0d879abd6e38ec94789ba1ab078138098b4704e48667eb,4988
you-ve-been-interrupted-unexpectedly-please/work/erdos20-v12-audit/archive/erdos20-lean-v12/SunflowerLean/Erdos20V8Stability.lean,erdos_20/v12_audit/archive/erdos20-lean-v12/SunflowerLean/Erdos20V8Stability.lean,archived-v12-production,erdos20-v12-audit/archive/erdos20-lean-v12/SunflowerLean,c69c0c3bba328c379203f09f7477165bb46dfd7311401ddcd8387534ffc3db4a,13807
you-ve-been-interrupted-unexpectedly-please/work/erdos20-v12-audit/archive/erdos20-lean-v12/SunflowerLean/Erdos20V8Targets.lean,erdos_20/v12_audit/archive/erdos20-lean-v12/SunflowerLean/Erdos20V8Targets.lean,archived-v12-production,erdos20-v12-audit/archive/erdos20-lean-v12/SunflowerLean,5aede5f7563da4d02d4da14429253062099f3e83a1d5b8b8c8eac5ef382d3a36,3558
you-ve-been-interrupted-unexpectedly-please/work/erdos20-v12-audit/archive/erdos20-lean-v12/SunflowerLean/Erdos20V9AllMeeting.lean,erdos_20/v12_audit/archive/erdos20-lean-v12/SunflowerLean/Erdos20V9AllMeeting.lean,archived-v12-production,erdos20-v12-audit/archive/erdos20-lean-v12/SunflowerLean,a1d0f6616201f9a624d7d932d6e562264cf5c753788e66bd0e8718bceb2f7d4f,2954
you-ve-been-interrupted-unexpectedly-please/work/erdos20-v12-audit/archive/erdos20-lean-v12/SunflowerLean/Erdos20V9BoundaryArithmetic.lean,erdos_20/v12_audit/archive/erdos20-lean-v12/SunflowerLean/Erdos20V9BoundaryArithmetic.lean,archived-v12-production,erdos20-v12-audit/archive/erdos20-lean-v12/SunflowerLean,5588f7f3fbab69f8de9b864c6a4fd992285ed5c92df7dfa4f7421f2fe84ba7f1,482
you-ve-been-interrupted-unexpectedly-please/work/erdos20-v12-audit/archive/erdos20-lean-v12/SunflowerLean/Erdos20V9Census.lean,erdos_20/v12_audit/archive/erdos20-lean-v12/SunflowerLean/Erdos20V9Census.lean,archived-v12-production,erdos20-v12-audit/archive/erdos20-lean-v12/SunflowerLean,ef89da3ab5ab88976b56cf3220abd8b41c25e98e2a7d427374886907b6d25206,5715
you-ve-been-interrupted-unexpectedly-please/work/erdos20-v12-audit/archive/erdos20-lean-v12/SunflowerLean/Erdos20V9Consequences.lean,erdos_20/v12_audit/archive/erdos20-lean-v12/SunflowerLean/Erdos20V9Consequences.lean,archived-v12-production,erdos20-v12-audit/archive/erdos20-lean-v12/SunflowerLean,af620312e77912355e09299a2f38cd98fc2ce505b0510281fac1336f0cfc43d9,2333
you-ve-been-interrupted-unexpectedly-please/work/erdos20-v12-audit/archive/erdos20-lean-v12/SunflowerLean/Erdos20V9Final.lean,erdos_20/v12_audit/archive/erdos20-lean-v12/SunflowerLean/Erdos20V9Final.lean,archived-v12-production,erdos20-v12-audit/archive/erdos20-lean-v12/SunflowerLean,73a1501353f69bfbcfb6466fa664d49ae8a8729c621088af207ab6ee2eb6ab1b,4209
you-ve-been-interrupted-unexpectedly-please/work/erdos20-v12-audit/archive/erdos20-lean-v12/SunflowerLean/Erdos20V9HighCompatibility.lean,erdos_20/v12_audit/archive/erdos20-lean-v12/SunflowerLean/Erdos20V9HighCompatibility.lean,archived-v12-production,erdos20-v12-audit/archive/erdos20-lean-v12/SunflowerLean,50257c647d5b7cc88c897abdb5b5b14eaf44e4a6893e4225a64c3578a995eed3,3857
you-ve-been-interrupted-unexpectedly-please/work/erdos20-v12-audit/archive/erdos20-lean-v12/SunflowerLean/Erdos20V9HighCompatibilityMain.lean,erdos_20/v12_audit/archive/erdos20-lean-v12/SunflowerLean/Erdos20V9HighCompatibilityMain.lean,archived-v12-production,erdos20-v12-audit/archive/erdos20-lean-v12/SunflowerLean,71a92ca064dd4fc786a821165ef8922c690a3fdaa36d2d9f5863215fda84aeff,9326
you-ve-been-interrupted-unexpectedly-please/work/erdos20-v12-audit/archive/erdos20-lean-v12/SunflowerLean/Erdos20V9HighCompatibilityWitness.lean,erdos_20/v12_audit/archive/erdos20-lean-v12/SunflowerLean/Erdos20V9HighCompatibilityWitness.lean,archived-v12-production,erdos20-v12-audit/archive/erdos20-lean-v12/SunflowerLean,a59390544e2be313384f34ccdabdc72b4998df4394cdb2e2b2670a04b450c510,4111
you-ve-been-interrupted-unexpectedly-please/work/erdos20-v12-audit/archive/erdos20-lean-v12/SunflowerLean/Erdos20V9HighGraph.lean,erdos_20/v12_audit/archive/erdos20-lean-v12/SunflowerLean/Erdos20V9HighGraph.lean,archived-v12-production,erdos20-v12-audit/archive/erdos20-lean-v12/SunflowerLean,211e6e6afcd4c38a05a1045ba7ec5fde6715c065382ad28f87c656f9743ec1d5,11422
you-ve-been-interrupted-unexpectedly-please/work/erdos20-v12-audit/archive/erdos20-lean-v12/SunflowerLean/Erdos20V9HighIncidence.lean,erdos_20/v12_audit/archive/erdos20-lean-v12/SunflowerLean/Erdos20V9HighIncidence.lean,archived-v12-production,erdos20-v12-audit/archive/erdos20-lean-v12/SunflowerLean,55cd5a470f179eb9500bec7a98503f562ef418bb3a3b55754adf7871125eee30,7553
you-ve-been-interrupted-unexpectedly-please/work/erdos20-v12-audit/archive/erdos20-lean-v12/SunflowerLean/Erdos20V9IntersectingTriangles.lean,erdos_20/v12_audit/archive/erdos20-lean-v12/SunflowerLean/Erdos20V9IntersectingTriangles.lean,archived-v12-production,erdos20-v12-audit/archive/erdos20-lean-v12/SunflowerLean,9bc8f50e7e1c6dadf40521ca32430136600d86d006760486a1e38c0d42d846ba,13709
you-ve-been-interrupted-unexpectedly-please/work/erdos20-v12-audit/archive/erdos20-lean-v12/SunflowerLean/Erdos20V9Profile.lean,erdos_20/v12_audit/archive/erdos20-lean-v12/SunflowerLean/Erdos20V9Profile.lean,archived-v12-production,erdos20-v12-audit/archive/erdos20-lean-v12/SunflowerLean,8afc9ad0a65f24b035ba3e97b9907a41d91b856f4ce01db53cb8baf9f03d9462,4828
you-ve-been-interrupted-unexpectedly-please/work/erdos20-v12-audit/archive/erdos20-lean-v12/SunflowerLean/Erdos20V9ProfileBridge.lean,erdos_20/v12_audit/archive/erdos20-lean-v12/SunflowerLean/Erdos20V9ProfileBridge.lean,archived-v12-production,erdos20-v12-audit/archive/erdos20-lean-v12/SunflowerLean,8de247fbde37fb2b9fc16e94e15745f7f17e87c67c50d804ef931c67e070df87,6684
you-ve-been-interrupted-unexpectedly-please/work/erdos20-v12-audit/archive/erdos20-lean-v12/SunflowerLean/Erdos20V9TraceBridge.lean,erdos_20/v12_audit/archive/erdos20-lean-v12/SunflowerLean/Erdos20V9TraceBridge.lean,archived-v12-production,erdos20-v12-audit/archive/erdos20-lean-v12/SunflowerLean,b0d2f25a9c123a38ae2508825e47e9d583ed00cfa7cab563a27a6c0906003407,8326
you-ve-been-interrupted-unexpectedly-please/work/erdos20-v12-audit/archive/erdos20-lean-v12/SunflowerLean/Erdos20V9WeightCongruence.lean,erdos_20/v12_audit/archive/erdos20-lean-v12/SunflowerLean/Erdos20V9WeightCongruence.lean,archived-v12-production,erdos20-v12-audit/archive/erdos20-lean-v12/SunflowerLean,3eddc712ca6cc1d1d4c45c68168c3bacc6b38cd414a76304c7e6ec184810bda9,6931
you-ve-been-interrupted-unexpectedly-please/work/erdos20-v12-audit/archive/erdos20-lean-v12/SunflowerLean/ErdosRadoBound.lean,erdos_20/v12_audit/archive/erdos20-lean-v12/SunflowerLean/ErdosRadoBound.lean,archived-v12-production,erdos20-v12-audit/archive/erdos20-lean-v12/SunflowerLean,eb118fd0ccce45bb0faede3d04ab80f240fcb9fce0552f5643ce9038a9e12037,9596
you-ve-been-interrupted-unexpectedly-please/work/erdos20-v12-audit/archive/erdos20-lean-v12/SunflowerLean/Spread.lean,erdos_20/v12_audit/archive/erdos20-lean-v12/SunflowerLean/Spread.lean,archived-v12-production,erdos20-v12-audit/archive/erdos20-lean-v12/SunflowerLean,990576de949ae2b58ead1b5b65af44ab8dad7d3cda608b6134ccc7a7c5bface9,3741
you-ve-been-interrupted-unexpectedly-please/work/erdos20-v12-audit/archive/erdos20-lean-v12/evidence/deferred_not_verified/Erdos20V12ComponentCertificate.lean,erdos_20/v12_audit/archive/erdos20-lean-v12/evidence/deferred_not_verified/Erdos20V12ComponentCertificate.lean,deferred-not-verified,erdos20-v12-audit/deferred-component-certificate,de17b44565964b62cfd4c9b64fa0d8f62548d9b49ca6b503e4fd188775f162fc,1110
you-ve-been-interrupted-unexpectedly-please/work/erdos20-v12-audit/archive/erdos20-lean-v12/evidence/negative_harness_correction/original_fixture.lean,erdos_20/v12_audit/archive/erdos20-lean-v12/evidence/negative_harness_correction/original_fixture.lean,negative-or-mutation,erdos20-v12-audit/negative-fixtures,743843c2b63a788b36235d2f41cd55688c09524737e4732c56661432167443ca,200
you-ve-been-interrupted-unexpectedly-please/work/erdos20-v12-audit/archive/erdos20-lean-v12/negative/CorruptCycle.lean,erdos_20/v12_audit/archive/erdos20-lean-v12/negative/CorruptCycle.lean,negative-or-mutation,erdos20-v12-audit/negative-fixtures,62cdbb8ff9ba60c89f4667206016e4795443bfcd87c553a7675cac5835be7163,182
you-ve-been-interrupted-unexpectedly-please/work/erdos20-v12-audit/archive/erdos20-lean-v12/negative/CorruptSix.lean,erdos_20/v12_audit/archive/erdos20-lean-v12/negative/CorruptSix.lean,negative-or-mutation,erdos20-v12-audit/negative-fixtures,7d50cb003a4bed72691ebc1dc6358df3f2860f17e91a298ddd999a8727d71658,100
you-ve-been-interrupted-unexpectedly-please/work/erdos20-v12-audit/archive/erdos20-lean-v12/negative/CorruptTen.lean,erdos_20/v12_audit/archive/erdos20-lean-v12/negative/CorruptTen.lean,negative-or-mutation,erdos20-v12-audit/negative-fixtures,7f77a82cd7898a2f82fb4d62da9023029d12ce6655bc6144816100afe6796471,106
you-ve-been-interrupted-unexpectedly-please/work/erdos20-v12-audit/archive/erdos20-lean-v12/negative/Endpoint.lean,erdos_20/v12_audit/archive/erdos20-lean-v12/negative/Endpoint.lean,negative-or-mutation,erdos20-v12-audit/negative-fixtures,e88729c20f07f5abfc6cefe5f2400739f7d6de849339f63153f7bccbfc014acb,166
you-ve-been-interrupted-unexpectedly-please/work/erdos20-v12-audit/archive/erdos20-lean-v12/negative/FalseHighCapOne.lean,erdos_20/v12_audit/archive/erdos20-lean-v12/negative/FalseHighCapOne.lean,negative-or-mutation,erdos20-v12-audit/negative-fixtures,612c095fba0e94d608b8a7b1cde17c5066505e88db773d3a0afe003c9ef12d4e,208
you-ve-been-interrupted-unexpectedly-please/work/erdos20-v12-audit/archive/erdos20-lean-v12/negative/FalseNineteen.lean,erdos_20/v12_audit/archive/erdos20-lean-v12/negative/FalseNineteen.lean,negative-or-mutation,erdos20-v12-audit/negative-fixtures,1033d5e1972f7b2dc9efb75a1cc5dcb98c33af60b75e4aa15563b57f007f23f2,112
you-ve-been-interrupted-unexpectedly-please/work/erdos20-v12-audit/archive/erdos20-lean-v12/negative/FalseReservedFour.lean,erdos_20/v12_audit/archive/erdos20-lean-v12/negative/FalseReservedFour.lean,negative-or-mutation,erdos20-v12-audit/negative-fixtures,bb1c67f7425b6aa9dc4420c272668ac75577db11531c0beb71e2cad594a70867,434
you-ve-been-interrupted-unexpectedly-please/work/erdos20-v12-audit/archive/erdos20-lean-v12/negative/MissingIntersection.lean,erdos_20/v12_audit/archive/erdos20-lean-v12/negative/MissingIntersection.lean,negative-or-mutation,erdos20-v12-audit/negative-fixtures,9586bf719bfbdcdf3c64ebb953559fdec0460e5eb9c6b980e92b8778522494b3,162
you-ve-been-interrupted-unexpectedly-please/work/erdos20-v12-audit/archive/erdos20-lean-v12/negative/RankZero.lean,erdos_20/v12_audit/archive/erdos20-lean-v12/negative/RankZero.lean,negative-or-mutation,erdos20-v12-audit/negative-fixtures,4d03f4b98244d6807c0fa5a520d0b79e514a188b2142de2a6659280517309266,193
you-ve-been-interrupted-unexpectedly-please/work/erdos20-v12-audit/archive/erdos20-lean-v12/negative/RetainedDegreeSeventeenProfile.lean,erdos_20/v12_audit/archive/erdos20-lean-v12/negative/RetainedDegreeSeventeenProfile.lean,negative-or-mutation,erdos20-v12-audit/negative-fixtures,5da312b3aff6962caaf5a43efebc9e429167582320e57a03f05ca88aedfb9625,247
you-ve-been-interrupted-unexpectedly-please/work/erdos20-v12-audit/archive/erdos20-lean-v12/negative/ReversedChecker.lean,erdos_20/v12_audit/archive/erdos20-lean-v12/negative/ReversedChecker.lean,negative-or-mutation,erdos20-v12-audit/negative-fixtures,f29717ba386aa1bc4238809984dba1a1f4b794a575856aff165eb8b27966697b,121
you-ve-been-interrupted-unexpectedly-please/work/erdos20-v12-audit/archive/erdos20-lean-v12/negative/ReversedCycleTrace.lean,erdos_20/v12_audit/archive/erdos20-lean-v12/negative/ReversedCycleTrace.lean,negative-or-mutation,erdos20-v12-audit/negative-fixtures,724b828b4699c6b978a72cdac2af21f9626bb210e7e2e6790205dffe7a5a3ed1,354
you-ve-been-interrupted-unexpectedly-please/work/erdos20-v12-audit/archive/erdos20-lean-v12/negative/UnexpectedAxiom.lean,erdos_20/v12_audit/archive/erdos20-lean-v12/negative/UnexpectedAxiom.lean,negative-or-mutation,erdos20-v12-audit/negative-fixtures,53acebb4132aa31b5b296261dcb13a9376093f3ce298fa0fb98067e1a705ef68,222
you-ve-been-interrupted-unexpectedly-please/work/erdos20-v12-audit/archive/erdos20-lean-v12/negative/WrongIteration.lean,erdos_20/v12_audit/archive/erdos20-lean-v12/negative/WrongIteration.lean,negative-or-mutation,erdos20-v12-audit/negative-fixtures,3c9107dbe2f0b8486a65200a327222472718d986f9b535ea661357fad9b14427,110
you-ve-been-interrupted-unexpectedly-please/work/erdos20-v12-audit/high_structure_scratch/NineteenStrengthening.lean,erdos_20/v12_audit/high_structure_scratch/NineteenStrengthening.lean,scratch-research,erdos20-v12-audit/high_structure_scratch,d5491ac5a21a2ccdff364c134a44c8efd22803564888cdf13fe5bd2d39a69c03,3639
you-ve-been-interrupted-unexpectedly-please/work/erdos20-v12-audit/replay_harness_probes/stale_completion/SunflowerLean/Basic.lean,erdos_20/v12_audit/replay_harness_probes/stale_completion/SunflowerLean/Basic.lean,audit-or-smoke,erdos20-v12-audit/audit-and-replay-probes,102ad306e1bd7ad4f12081a8cdffa8115419150ac812bb9a26b823cba7cd6438,30
you-ve-been-interrupted-unexpectedly-please/work/erdos20-v13/evidence/boundary/mutation-nonempty_core_only.lean,erdos_20/v13/evidence/boundary/mutation-nonempty_core_only.lean,negative-or-mutation,erdos20-v13/negative-and-mutation,52dff722398ba831fa3291bdfe6b41e58f001d8906b2d4ae735d5a91ea9bc829,1991
you-ve-been-interrupted-unexpectedly-please/work/erdos20-v13/evidence/boundary/mutation-omitted_I27.lean,erdos_20/v13/evidence/boundary/mutation-omitted_I27.lean,negative-or-mutation,erdos20-v13/negative-and-mutation,24d661ce41468d88aafc8dedbc9709bed29b950d0ea3f338103278a72f665ff4,1692
you-ve-been-interrupted-unexpectedly-please/work/erdos20-v13/evidence/boundary/mutation-rank_at_most_four.lean,erdos_20/v13/evidence/boundary/mutation-rank_at_most_four.lean,negative-or-mutation,erdos20-v13/negative-and-mutation,abe2767f92c82b9855163558a31dd60d63456c385f4082c1db757c7c66e5f930,1978
you-ve-been-interrupted-unexpectedly-please/work/erdos20-v13/lean/SunflowerLean/Basic.lean,erdos_20/v13/lean/SunflowerLean/Basic.lean,latest-production,erdos20-v13/lean/SunflowerLean,9c6253d9ae43325863f6b176b975cf024f955f76130c94f0864edfc2149c00f2,9728
you-ve-been-interrupted-unexpectedly-please/work/erdos20-v13/lean/SunflowerLean/Erdos20AxiomAudit.lean,erdos_20/v13/lean/SunflowerLean/Erdos20AxiomAudit.lean,latest-production,erdos20-v13/lean/SunflowerLean,d7adbc89579946926faf3750d216d8b1f81bba2cafafdb30b6768d730167d0d1,64939
you-ve-been-interrupted-unexpectedly-please/work/erdos20-v13/lean/SunflowerLean/Erdos20BCWBridge.lean,erdos_20/v13/lean/SunflowerLean/Erdos20BCWBridge.lean,latest-production,erdos20-v13/lean/SunflowerLean,235a364a1c8d201f46bf7dd3201cc503570a5b1ff1d98506474ac7f10aacef1c,5950
you-ve-been-interrupted-unexpectedly-please/work/erdos20-v13/lean/SunflowerLean/Erdos20BCWConditional.lean,erdos_20/v13/lean/SunflowerLean/Erdos20BCWConditional.lean,latest-production,erdos20-v13/lean/SunflowerLean,0e50aaa2da61ec4c21f2193b1ededfe97285d117977ec1d550eee9c46c67e718,10431
you-ve-been-interrupted-unexpectedly-please/work/erdos20-v13/lean/SunflowerLean/Erdos20Critical.lean,erdos_20/v13/lean/SunflowerLean/Erdos20Critical.lean,latest-production,erdos20-v13/lean/SunflowerLean,3aae25a4911d47bdc33fb1bcc04ae04a392245498badc9d185b94de05d8e4c39,9348
you-ve-been-interrupted-unexpectedly-please/work/erdos20-v13/lean/SunflowerLean/Erdos20CrossBounds.lean,erdos_20/v13/lean/SunflowerLean/Erdos20CrossBounds.lean,latest-production,erdos20-v13/lean/SunflowerLean,c4beb45efd5f8c35e8890a8fc52ed73679a86d19210044af7f6c33e0dd0595ae,11128
you-ve-been-interrupted-unexpectedly-please/work/erdos20-v13/lean/SunflowerLean/Erdos20DegreeCongruences.lean,erdos_20/v13/lean/SunflowerLean/Erdos20DegreeCongruences.lean,latest-production,erdos20-v13/lean/SunflowerLean,c70369d223c22e96b2e93b8a4c412a4630b3a90ba344821ce3059dd8068e6606,7843
you-ve-been-interrupted-unexpectedly-please/work/erdos20-v13/lean/SunflowerLean/Erdos20DesignConsequences.lean,erdos_20/v13/lean/SunflowerLean/Erdos20DesignConsequences.lean,latest-production,erdos20-v13/lean/SunflowerLean,d0f4988a358912202f6477a40550b63d36331038524db18306db25f0ab255ac0,6420
you-ve-been-interrupted-unexpectedly-please/work/erdos20-v13/lean/SunflowerLean/Erdos20DesignCoordinates.lean,erdos_20/v13/lean/SunflowerLean/Erdos20DesignCoordinates.lean,latest-production,erdos20-v13/lean/SunflowerLean,92a139d18f35b04ec1deacccab74d031853142e83ee9289b20f1fda01dc8fac3,3171
you-ve-been-interrupted-unexpectedly-please/work/erdos20-v13/lean/SunflowerLean/Erdos20DesignNormalForm.lean,erdos_20/v13/lean/SunflowerLean/Erdos20DesignNormalForm.lean,latest-production,erdos20-v13/lean/SunflowerLean,a7532384874059e56123cc7e7b9ff7ed38b156dd857834881be2a1f726d5692f,23190
you-ve-been-interrupted-unexpectedly-please/work/erdos20-v13/lean/SunflowerLean/Erdos20DesignSeparation.lean,erdos_20/v13/lean/SunflowerLean/Erdos20DesignSeparation.lean,latest-production,erdos20-v13/lean/SunflowerLean,217674aa9d54dddd02a69b339f77f822c9cd6b514cb5f2f24d2b441344cad224,9883
you-ve-been-interrupted-unexpectedly-please/work/erdos20-v13/lean/SunflowerLean/Erdos20Endpoints.lean,erdos_20/v13/lean/SunflowerLean/Erdos20Endpoints.lean,latest-production,erdos20-v13/lean/SunflowerLean,efa975c4e837bf3112472263588fa97f23e6f709ceec311650d18eeb32a6a7c0,3267
you-ve-been-interrupted-unexpectedly-please/work/erdos20-v13/lean/SunflowerLean/Erdos20ExtremalStructure.lean,erdos_20/v13/lean/SunflowerLean/Erdos20ExtremalStructure.lean,latest-production,erdos20-v13/lean/SunflowerLean,835a4fedf513ba61c2107b071fca38ba138c810310753b01cad7c4a54da311dd,8756
you-ve-been-interrupted-unexpectedly-please/work/erdos20-v13/lean/SunflowerLean/Erdos20ExtremalSupport.lean,erdos_20/v13/lean/SunflowerLean/Erdos20ExtremalSupport.lean,latest-production,erdos20-v13/lean/SunflowerLean,974d5f4020b57dec56fa8fe284c99046418d983781620cd15dd5fe5a08795251,5641
you-ve-been-interrupted-unexpectedly-please/work/erdos20-v13/lean/SunflowerLean/Erdos20ExtremalTransversals.lean,erdos_20/v13/lean/SunflowerLean/Erdos20ExtremalTransversals.lean,latest-production,erdos20-v13/lean/SunflowerLean,d2edb5e6246cad5227cda874159fcc4bdff69c94ca9cb21a99166643ead993c3,7671
you-ve-been-interrupted-unexpectedly-please/work/erdos20-v13/lean/SunflowerLean/Erdos20ExtremalTwenty.lean,erdos_20/v13/lean/SunflowerLean/Erdos20ExtremalTwenty.lean,latest-production,erdos20-v13/lean/SunflowerLean,d40c64d13bdb0ff3aedfe2e9e093a4495838482ca82d39ecd4da6fe02f308ad2,12506
you-ve-been-interrupted-unexpectedly-please/work/erdos20-v13/lean/SunflowerLean/Erdos20FiniteReduction.lean,erdos_20/v13/lean/SunflowerLean/Erdos20FiniteReduction.lean,latest-production,erdos20-v13/lean/SunflowerLean,58bab68e9303fbba7525f1bfa6fdde293f7de4111836e475c0bb888edba4db62,15124
you-ve-been-interrupted-unexpectedly-please/work/erdos20-v13/lean/SunflowerLean/Erdos20FortyOne.lean,erdos_20/v13/lean/SunflowerLean/Erdos20FortyOne.lean,latest-production,erdos20-v13/lean/SunflowerLean,aac2481e1bd79733902e326a3925099310ecb93915b5cf6090b34c0dcabe525e,13390
you-ve-been-interrupted-unexpectedly-please/work/erdos20-v13/lean/SunflowerLean/Erdos20FortyOneArithmetic.lean,erdos_20/v13/lean/SunflowerLean/Erdos20FortyOneArithmetic.lean,latest-production,erdos20-v13/lean/SunflowerLean,8e5106954ddfa87e3715f7710aa10f22d2074c0606d762ec4920d4d7bdf2ec5f,10896
you-ve-been-interrupted-unexpectedly-please/work/erdos20-v13/lean/SunflowerLean/Erdos20Frontier.lean,erdos_20/v13/lean/SunflowerLean/Erdos20Frontier.lean,latest-production,erdos20-v13/lean/SunflowerLean,7dfbc639c871bbc95ce78f66cd883c192baaf7246050e7d35282fe0a7579c9c8,5154
you-ve-been-interrupted-unexpectedly-please/work/erdos20-v13/lean/SunflowerLean/Erdos20GraphEquality.lean,erdos_20/v13/lean/SunflowerLean/Erdos20GraphEquality.lean,latest-production,erdos20-v13/lean/SunflowerLean,ba0f6695d6bfea687d72b223a2eb455f27542a1736110267fa0b7648e871a814,20320
you-ve-been-interrupted-unexpectedly-please/work/erdos20-v13/lean/SunflowerLean/Erdos20GraphEqualityEndpoint.lean,erdos_20/v13/lean/SunflowerLean/Erdos20GraphEqualityEndpoint.lean,latest-production,erdos20-v13/lean/SunflowerLean,4b5c3cdc57aba2c19b9a828dedb3f5f7bddd20f97303b1ae017fd6df467c61bd,8063
you-ve-been-interrupted-unexpectedly-please/work/erdos20-v13/lean/SunflowerLean/Erdos20GrowthRate.lean,erdos_20/v13/lean/SunflowerLean/Erdos20GrowthRate.lean,latest-production,erdos20-v13/lean/SunflowerLean,123682cd2803110b0137109e19a97efd304bf2891c5a2ff4073ba32d41a2ab71,20119
you-ve-been-interrupted-unexpectedly-please/work/erdos20-v13/lean/SunflowerLean/Erdos20Incidence.lean,erdos_20/v13/lean/SunflowerLean/Erdos20Incidence.lean,latest-production,erdos20-v13/lean/SunflowerLean,338f32e316853f68643d1a62708adcea7ccad18c27885aba8d339e643789c6f2,11065
you-ve-been-interrupted-unexpectedly-please/work/erdos20-v13/lean/SunflowerLean/Erdos20IteratedLower.lean,erdos_20/v13/lean/SunflowerLean/Erdos20IteratedLower.lean,latest-production,erdos20-v13/lean/SunflowerLean,9e1c30f8d1013167e08288598ab5e0d1724d9d2e4786bb0e2a3e2790514e86fc,9063
you-ve-been-interrupted-unexpectedly-please/work/erdos20-v13/lean/SunflowerLean/Erdos20LocalStructure.lean,erdos_20/v13/lean/SunflowerLean/Erdos20LocalStructure.lean,latest-production,erdos20-v13/lean/SunflowerLean,475a369572b10d524474474e2906516e7893a6224239f646756356813fad0deb,12476
you-ve-been-interrupted-unexpectedly-please/work/erdos20-v13/lean/SunflowerLean/Erdos20MeetingFiftySix.lean,erdos_20/v13/lean/SunflowerLean/Erdos20MeetingFiftySix.lean,latest-production,erdos20-v13/lean/SunflowerLean,8607a4cc8a83080c65aeb90033aab9c62b67a3f35cde19807a289f07ba7eb47f,19573
you-ve-been-interrupted-unexpectedly-please/work/erdos20-v13/lean/SunflowerLean/Erdos20MixedCross.lean,erdos_20/v13/lean/SunflowerLean/Erdos20MixedCross.lean,latest-production,erdos20-v13/lean/SunflowerLean,630f441f9190f149bbbd9d601516c2687da31d86c97b1c53287552a0a716ad14,5846
you-ve-been-interrupted-unexpectedly-please/work/erdos20-v13/lean/SunflowerLean/Erdos20NextFrontier.lean,erdos_20/v13/lean/SunflowerLean/Erdos20NextFrontier.lean,latest-production,erdos20-v13/lean/SunflowerLean,02bd419c973623d41060ce666b79df6923cffd6d3bdbdcbfb6b52eda8a5f8f28,6640
you-ve-been-interrupted-unexpectedly-please/work/erdos20-v13/lean/SunflowerLean/Erdos20Obstructions.lean,erdos_20/v13/lean/SunflowerLean/Erdos20Obstructions.lean,latest-production,erdos20-v13/lean/SunflowerLean,de67da57c70b8c73231199b52b0f159d335578698dfd1eabbc271c0787c25d80,4774
you-ve-been-interrupted-unexpectedly-please/work/erdos20-v13/lean/SunflowerLean/Erdos20RankFour.lean,erdos_20/v13/lean/SunflowerLean/Erdos20RankFour.lean,latest-production,erdos20-v13/lean/SunflowerLean,4aa933a291c2b1582266f941c9287d49eb68a011f08a62fa7f2aadd79da096fa,21226
you-ve-been-interrupted-unexpectedly-please/work/erdos20-v13/lean/SunflowerLean/Erdos20RankFourPropagation.lean,erdos_20/v13/lean/SunflowerLean/Erdos20RankFourPropagation.lean,latest-production,erdos20-v13/lean/SunflowerLean,fc0b34f50e2a4707c7d109b2756c1e62b8942f743c100f5575f23651e96de381,4550
you-ve-been-interrupted-unexpectedly-please/work/erdos20-v13/lean/SunflowerLean/Erdos20RankFourRefined.lean,erdos_20/v13/lean/SunflowerLean/Erdos20RankFourRefined.lean,latest-production,erdos20-v13/lean/SunflowerLean,0bcd59aa7d3c11cee44d74182f943320c64477ba58e9ec0f71c13ceef9344f71,28224
you-ve-been-interrupted-unexpectedly-please/work/erdos20-v13/lean/SunflowerLean/Erdos20RankFourWitness.lean,erdos_20/v13/lean/SunflowerLean/Erdos20RankFourWitness.lean,latest-production,erdos20-v13/lean/SunflowerLean,78a4a98db56da2d8d133f71e65e32cd355a66c2642b8e2ab8ce1541ed71afa58,1491
you-ve-been-interrupted-unexpectedly-please/work/erdos20-v13/lean/SunflowerLean/Erdos20RankThree.lean,erdos_20/v13/lean/SunflowerLean/Erdos20RankThree.lean,latest-production,erdos20-v13/lean/SunflowerLean,adaf323385d46fae31cdafbcece025a232fb4e2b8264ea37c0272d1598858d7b,17953
you-ve-been-interrupted-unexpectedly-please/work/erdos20-v13/lean/SunflowerLean/Erdos20RankThreeEven.lean,erdos_20/v13/lean/SunflowerLean/Erdos20RankThreeEven.lean,latest-production,erdos20-v13/lean/SunflowerLean,8e3b0aa0f0e45b055cadeb16491cfc0701e87677d829a0830b9d22f4a0b1be85,5996
you-ve-been-interrupted-unexpectedly-please/work/erdos20-v13/lean/SunflowerLean/Erdos20Research.lean,erdos_20/v13/lean/SunflowerLean/Erdos20Research.lean,latest-production,erdos20-v13/lean/SunflowerLean,b4d860cc6df3df2140a6ed95060c193a3f40c4fe6cbbbcc8f3d6d12e6db9b670,11664
you-ve-been-interrupted-unexpectedly-please/work/erdos20-v13/lean/SunflowerLean/Erdos20SaturatedMeeting.lean,erdos_20/v13/lean/SunflowerLean/Erdos20SaturatedMeeting.lean,latest-production,erdos20-v13/lean/SunflowerLean,b766ed0d12105aae33ac9b6cfed8caf50c6be7b64e608d90ceb18abffde5bdb7,12204
you-ve-been-interrupted-unexpectedly-please/work/erdos20-v13/lean/SunflowerLean/Erdos20SeededBounds.lean,erdos_20/v13/lean/SunflowerLean/Erdos20SeededBounds.lean,latest-production,erdos20-v13/lean/SunflowerLean,d2b08b8601f68197ccd3091bdfee663d5bce363ba78d35a316bed02ba94659d7,2745
you-ve-been-interrupted-unexpectedly-please/work/erdos20-v13/lean/SunflowerLean/Erdos20SharpTriples.lean,erdos_20/v13/lean/SunflowerLean/Erdos20SharpTriples.lean,latest-production,erdos20-v13/lean/SunflowerLean,c5867ba6f768de8c3a690b4496813dba18dc5dd2c565f8859c9e8ac55e840e02,18599
you-ve-been-interrupted-unexpectedly-please/work/erdos20-v13/lean/SunflowerLean/Erdos20SharpTwenty.lean,erdos_20/v13/lean/SunflowerLean/Erdos20SharpTwenty.lean,latest-production,erdos20-v13/lean/SunflowerLean,e15ca8436c1ce1536de5a6afd5c6f2b9c995e0a9bd1bb46c17ee7e2fd45b42c1,2884
you-ve-been-interrupted-unexpectedly-please/work/erdos20-v13/lean/SunflowerLean/Erdos20SpreadPacking.lean,erdos_20/v13/lean/SunflowerLean/Erdos20SpreadPacking.lean,latest-production,erdos20-v13/lean/SunflowerLean,1d1266ff3264bdcfe34a7c1fb6f0bf2cf0b845b9cba80d6ce217408d0511f1d7,9647
you-ve-been-interrupted-unexpectedly-please/work/erdos20-v13/lean/SunflowerLean/Erdos20StrictCore.lean,erdos_20/v13/lean/SunflowerLean/Erdos20StrictCore.lean,latest-production,erdos20-v13/lean/SunflowerLean,f9ee0de249ad35dc8e11346760bca2a2b7f0e30ba8cf86c1b1ebc032062ec622,15152
you-ve-been-interrupted-unexpectedly-please/work/erdos20-v13/lean/SunflowerLean/Erdos20Substitution.lean,erdos_20/v13/lean/SunflowerLean/Erdos20Substitution.lean,latest-production,erdos20-v13/lean/SunflowerLean,b0c1a14185bf3febab7565d61d5aa1e6e97357fb65e4ada0f9f8a6fbafbf6302,11747
you-ve-been-interrupted-unexpectedly-please/work/erdos20-v13/lean/SunflowerLean/Erdos20Tetrahedron.lean,erdos_20/v13/lean/SunflowerLean/Erdos20Tetrahedron.lean,latest-production,erdos20-v13/lean/SunflowerLean,96d6d00bb0f600e5ac9946ff0daeaa22d38bc45ae9b3586f7d4bb7fd52b7a23b,10111
you-ve-been-interrupted-unexpectedly-please/work/erdos20-v13/lean/SunflowerLean/Erdos20ThreeCrossEdges.lean,erdos_20/v13/lean/SunflowerLean/Erdos20ThreeCrossEdges.lean,latest-production,erdos20-v13/lean/SunflowerLean,7808e2c34b4c115ff4dd7fe72f7dd29d6f3a527a5116a13ba7d3f5ce6e82a8cc,8412
you-ve-been-interrupted-unexpectedly-please/work/erdos20-v13/lean/SunflowerLean/Erdos20TracePatterns.lean,erdos_20/v13/lean/SunflowerLean/Erdos20TracePatterns.lean,latest-production,erdos20-v13/lean/SunflowerLean,dcdd79879408292d79fa6060b0d55aaab5c33233f6f8eb132953073eff3bcf15,10976
you-ve-been-interrupted-unexpectedly-please/work/erdos20-v13/lean/SunflowerLean/Erdos20TraceStructure.lean,erdos_20/v13/lean/SunflowerLean/Erdos20TraceStructure.lean,latest-production,erdos20-v13/lean/SunflowerLean,f51342e26fe132fe87829e8e8512f3b5e2f9138f2c84b1f1f2656a9f947524fa,9299
you-ve-been-interrupted-unexpectedly-please/work/erdos20-v13/lean/SunflowerLean/Erdos20TripleReduction.lean,erdos_20/v13/lean/SunflowerLean/Erdos20TripleReduction.lean,latest-production,erdos20-v13/lean/SunflowerLean,d2bc328dacad8029233637e10d1cfd7ca22680c042f757143ca291bee5c972e4,5030
you-ve-been-interrupted-unexpectedly-please/work/erdos20-v13/lean/SunflowerLean/Erdos20TripleWitness.lean,erdos_20/v13/lean/SunflowerLean/Erdos20TripleWitness.lean,latest-production,erdos20-v13/lean/SunflowerLean,55c87441371d2f4e537218d1b8454d792883c3f90e563f8b4045b22c0b1db14d,4785
you-ve-been-interrupted-unexpectedly-please/work/erdos20-v13/lean/SunflowerLean/Erdos20V10AllMeeting.lean,erdos_20/v13/lean/SunflowerLean/Erdos20V10AllMeeting.lean,latest-production,erdos20-v13/lean/SunflowerLean,9316f8d8fcb909bf145d3cf20d5c8ee444318aaf68a6bca70f8a72afee8dc434,6865
you-ve-been-interrupted-unexpectedly-please/work/erdos20-v13/lean/SunflowerLean/Erdos20V10BoundaryReduction.lean,erdos_20/v13/lean/SunflowerLean/Erdos20V10BoundaryReduction.lean,latest-production,erdos20-v13/lean/SunflowerLean,102227f21e6986fbb9617e2b6512c30144b27c5ca79a8ae7dd75c1f4320d21b9,4091
you-ve-been-interrupted-unexpectedly-please/work/erdos20-v13/lean/SunflowerLean/Erdos20V10DisjointDegree.lean,erdos_20/v13/lean/SunflowerLean/Erdos20V10DisjointDegree.lean,latest-production,erdos20-v13/lean/SunflowerLean,173f879f8d4a6942a52821468541578eb59e8a08579946a106ec2d736028c5f0,1866
you-ve-been-interrupted-unexpectedly-please/work/erdos20-v13/lean/SunflowerLean/Erdos20V10FiniteEndgame.lean,erdos_20/v13/lean/SunflowerLean/Erdos20V10FiniteEndgame.lean,latest-production,erdos20-v13/lean/SunflowerLean,75e483978d632e0076c6cf140c9e22c5d38da7c11814794de00ec26e083925b7,2885
you-ve-been-interrupted-unexpectedly-please/work/erdos20-v13/lean/SunflowerLean/Erdos20V10HighParity.lean,erdos_20/v13/lean/SunflowerLean/Erdos20V10HighParity.lean,latest-production,erdos20-v13/lean/SunflowerLean,62eae54ce96b8fd271a88b9afccb15b311e8c23e25f2ffc01bb37634a95c36c3,3787
you-ve-been-interrupted-unexpectedly-please/work/erdos20-v13/lean/SunflowerLean/Erdos20V10HighParityMain.lean,erdos_20/v13/lean/SunflowerLean/Erdos20V10HighParityMain.lean,latest-production,erdos20-v13/lean/SunflowerLean,2d219614830821e1d70f85facb04659c6819560ceac90c886aae8aa0382a82b3,6541
you-ve-been-interrupted-unexpectedly-please/work/erdos20-v13/lean/SunflowerLean/Erdos20V10HighTriangle.lean,erdos_20/v13/lean/SunflowerLean/Erdos20V10HighTriangle.lean,latest-production,erdos20-v13/lean/SunflowerLean,60a57afc02b21e0d2af9e4c436898062d2453344cdfc963081b3c0abf89d83d4,4134
you-ve-been-interrupted-unexpectedly-please/work/erdos20-v13/lean/SunflowerLean/Erdos20V10HighTriangleDegreeOne.lean,erdos_20/v13/lean/SunflowerLean/Erdos20V10HighTriangleDegreeOne.lean,latest-production,erdos20-v13/lean/SunflowerLean,7f05a2f77cdc174295d7dea454cf347c0f0e813f594c9d9a9a62636349e1eebc,7014
you-ve-been-interrupted-unexpectedly-please/work/erdos20-v13/lean/SunflowerLean/Erdos20V10HighTriangleGeometry.lean,erdos_20/v13/lean/SunflowerLean/Erdos20V10HighTriangleGeometry.lean,latest-production,erdos20-v13/lean/SunflowerLean,48370063ba1e9e119631ccdd6d7031ab7d1fc4909ff80298454ec52464fa4fa7,4649
you-ve-been-interrupted-unexpectedly-please/work/erdos20-v13/lean/SunflowerLean/Erdos20V10HighTriangleIncidence.lean,erdos_20/v13/lean/SunflowerLean/Erdos20V10HighTriangleIncidence.lean,latest-production,erdos20-v13/lean/SunflowerLean,a7cbf6731d9c5c7d6df6dec397578bc55e06c3aadb364d873ccb5a400d70b481,2195
you-ve-been-interrupted-unexpectedly-please/work/erdos20-v13/lean/SunflowerLean/Erdos20V10HighTriangleMain.lean,erdos_20/v13/lean/SunflowerLean/Erdos20V10HighTriangleMain.lean,latest-production,erdos20-v13/lean/SunflowerLean,1389b401fba08fc70fb3e9e4e42328a0d1faa694166588e001907d80d501a07b,4078
you-ve-been-interrupted-unexpectedly-please/work/erdos20-v13/lean/SunflowerLean/Erdos20V10HighTriangleTransfer.lean,erdos_20/v13/lean/SunflowerLean/Erdos20V10HighTriangleTransfer.lean,latest-production,erdos20-v13/lean/SunflowerLean,d25b30918e48c5ab7cae47b6a59a5138540b6c4919f4b2e314943a9018af7807,3519
you-ve-been-interrupted-unexpectedly-please/work/erdos20-v13/lean/SunflowerLean/Erdos20V10MinimumDegree.lean,erdos_20/v13/lean/SunflowerLean/Erdos20V10MinimumDegree.lean,latest-production,erdos20-v13/lean/SunflowerLean,1f85de81670903bf88c372f37f49121b4238d8f852128351c2706e5d45998df3,2028
you-ve-been-interrupted-unexpectedly-please/work/erdos20-v13/lean/SunflowerLean/Erdos20V10Profile54.lean,erdos_20/v13/lean/SunflowerLean/Erdos20V10Profile54.lean,latest-production,erdos20-v13/lean/SunflowerLean,2f0b2745f6ff844dcb3fd7a61ac64367227690a393f3d2d5977f875a580f460b,2028
you-ve-been-interrupted-unexpectedly-please/work/erdos20-v13/lean/SunflowerLean/Erdos20V10Profile54Bridge.lean,erdos_20/v13/lean/SunflowerLean/Erdos20V10Profile54Bridge.lean,latest-production,erdos20-v13/lean/SunflowerLean,fdf92f6387721b5d1c147fb1e9ed65712dd89691409b7c4068e747d1e531da6e,10297
you-ve-been-interrupted-unexpectedly-please/work/erdos20-v13/lean/SunflowerLean/Erdos20V10Profile54DegreeCap.lean,erdos_20/v13/lean/SunflowerLean/Erdos20V10Profile54DegreeCap.lean,latest-production,erdos20-v13/lean/SunflowerLean,043bdc0aa2af975fc9aec588cb9f2ca9a966816f20f317f4e20623fd10c2d5d6,4578
you-ve-been-interrupted-unexpectedly-please/work/erdos20-v13/lean/SunflowerLean/Erdos20V10Profile54LowScores.lean,erdos_20/v13/lean/SunflowerLean/Erdos20V10Profile54LowScores.lean,latest-production,erdos20-v13/lean/SunflowerLean,11031d287a4767d5cb28c3c513943b14d1482baae96ca0be76a48b61ce27fdfa,2008
you-ve-been-interrupted-unexpectedly-please/work/erdos20-v13/lean/SunflowerLean/Erdos20V10Profile54LowScoresBridge.lean,erdos_20/v13/lean/SunflowerLean/Erdos20V10Profile54LowScoresBridge.lean,latest-production,erdos20-v13/lean/SunflowerLean,73a6c31481a364b8d71f004fafa87c77ffec426741ba1593e0e19dd46bd70a7f,10890
you-ve-been-interrupted-unexpectedly-please/work/erdos20-v13/lean/SunflowerLean/Erdos20V10Profile54Score.lean,erdos_20/v13/lean/SunflowerLean/Erdos20V10Profile54Score.lean,latest-production,erdos20-v13/lean/SunflowerLean,ed1140422c47ba525bde69b1033e9d0910e9115ff86e7ce16d01f5f8d8f41cf6,2447
you-ve-been-interrupted-unexpectedly-please/work/erdos20-v13/lean/SunflowerLean/Erdos20V10Profile54ScoreBridge.lean,erdos_20/v13/lean/SunflowerLean/Erdos20V10Profile54ScoreBridge.lean,latest-production,erdos20-v13/lean/SunflowerLean,55c29ed8fd465c153caadcad00bb1d0cd183ba01e817e64ba5af8046fcded823,10831
you-ve-been-interrupted-unexpectedly-please/work/erdos20-v13/lean/SunflowerLean/Erdos20V10Profile54Seventeen.lean,erdos_20/v13/lean/SunflowerLean/Erdos20V10Profile54Seventeen.lean,latest-production,erdos20-v13/lean/SunflowerLean,a6b8433f8ed91493cdcb7715c324c5ca0c4194a2492604476bc07a70843b9c16,2450
you-ve-been-interrupted-unexpectedly-please/work/erdos20-v13/lean/SunflowerLean/Erdos20V10Profile54SeventeenCap.lean,erdos_20/v13/lean/SunflowerLean/Erdos20V10Profile54SeventeenCap.lean,latest-production,erdos20-v13/lean/SunflowerLean,5b0ae554b681454c097c2d85e40d15e52c894f376fae1633e1c6de1b1c19f396,1265
you-ve-been-interrupted-unexpectedly-please/work/erdos20-v13/lean/SunflowerLean/Erdos20V11Census.lean,erdos_20/v13/lean/SunflowerLean/Erdos20V11Census.lean,latest-production,erdos20-v13/lean/SunflowerLean,99a19cb868d8dff99256f7793f8cf5d4e54682a0143329e6aeb505de1b7e8cae,5327
you-ve-been-interrupted-unexpectedly-please/work/erdos20-v13/lean/SunflowerLean/Erdos20V11CensusCapacity.lean,erdos_20/v13/lean/SunflowerLean/Erdos20V11CensusCapacity.lean,latest-production,erdos20-v13/lean/SunflowerLean,cc250abc298df1971bb58a74e63e041b4d86e47420ad6ebafa643490241715c7,7086
you-ve-been-interrupted-unexpectedly-please/work/erdos20-v13/lean/SunflowerLean/Erdos20V11CensusCommonSupport.lean,erdos_20/v13/lean/SunflowerLean/Erdos20V11CensusCommonSupport.lean,latest-production,erdos20-v13/lean/SunflowerLean,bd971d7b83c9264e2bc4137cfeedfbee964d8b2646e21945022b9c7c6fb80985,4404
you-ve-been-interrupted-unexpectedly-please/work/erdos20-v13/lean/SunflowerLean/Erdos20V11CensusFinal.lean,erdos_20/v13/lean/SunflowerLean/Erdos20V11CensusFinal.lean,latest-production,erdos20-v13/lean/SunflowerLean,e8e0ceb1ad5522d535fa77f5e9098a2b1cb51a85eac56a053717d18b23a3d18e,3918
you-ve-been-interrupted-unexpectedly-please/work/erdos20-v13/lean/SunflowerLean/Erdos20V11CensusIndependentTriple.lean,erdos_20/v13/lean/SunflowerLean/Erdos20V11CensusIndependentTriple.lean,latest-production,erdos20-v13/lean/SunflowerLean,bdb1354a1f7c9715051be56125a9889a7afee0b235b4023c0f74e5f81a55f0d4,2554
you-ve-been-interrupted-unexpectedly-please/work/erdos20-v13/lean/SunflowerLean/Erdos20V11CensusTenProfiles.lean,erdos_20/v13/lean/SunflowerLean/Erdos20V11CensusTenProfiles.lean,latest-production,erdos20-v13/lean/SunflowerLean,f3118ffbd83121def8be4a0da239d39b93c3dde677e91d95414764d26373166c,1775
you-ve-been-interrupted-unexpectedly-please/work/erdos20-v13/lean/SunflowerLean/Erdos20V11DegreeSeventeen.lean,erdos_20/v13/lean/SunflowerLean/Erdos20V11DegreeSeventeen.lean,latest-production,erdos20-v13/lean/SunflowerLean,d522d1a62c9d5bc29223c6dbe78ee40a104d796356658a8046c2c7bb1dccb080,6373
you-ve-been-interrupted-unexpectedly-please/work/erdos20-v13/lean/SunflowerLean/Erdos20V11DegreeSeventeenLink.lean,erdos_20/v13/lean/SunflowerLean/Erdos20V11DegreeSeventeenLink.lean,latest-production,erdos20-v13/lean/SunflowerLean,1371e3f300ebd11b2ef5e4b4ce26001c4168582b4c6ddb83803b21434730b34b,5258
you-ve-been-interrupted-unexpectedly-please/work/erdos20-v13/lean/SunflowerLean/Erdos20V11DegreeSeventeenTrace.lean,erdos_20/v13/lean/SunflowerLean/Erdos20V11DegreeSeventeenTrace.lean,latest-production,erdos20-v13/lean/SunflowerLean,2a0349ecd8dce096b703815932890c55c3b1347251c22a975050c681dca6a7ca,4512
you-ve-been-interrupted-unexpectedly-please/work/erdos20-v13/lean/SunflowerLean/Erdos20V11EdgeCapacity.lean,erdos_20/v13/lean/SunflowerLean/Erdos20V11EdgeCapacity.lean,latest-production,erdos20-v13/lean/SunflowerLean,09425bbe2763fb68a66eaaa5e94ee79a368d8b4d6cbf8286aa732acb46618a5d,4820
you-ve-been-interrupted-unexpectedly-please/work/erdos20-v13/lean/SunflowerLean/Erdos20V11EdgeCapacityThree.lean,erdos_20/v13/lean/SunflowerLean/Erdos20V11EdgeCapacityThree.lean,latest-production,erdos20-v13/lean/SunflowerLean,533d9d7b3e035f7235e7004be6f9573871f6d7d2c0b0a41461581efe6f120685,4847
you-ve-been-interrupted-unexpectedly-please/work/erdos20-v13/lean/SunflowerLean/Erdos20V11EdgePairs.lean,erdos_20/v13/lean/SunflowerLean/Erdos20V11EdgePairs.lean,latest-production,erdos20-v13/lean/SunflowerLean,a56403b5d4314f3ac3073661dbdfee3a7dfffbd19e84f49d0f2ebefe0b80e32a,3518
you-ve-been-interrupted-unexpectedly-please/work/erdos20-v13/lean/SunflowerLean/Erdos20V11EdgeThird.lean,erdos_20/v13/lean/SunflowerLean/Erdos20V11EdgeThird.lean,latest-production,erdos20-v13/lean/SunflowerLean,680d162a5c207ed572e7867aa4331000f9f6ee81a5402980aa87ea6b95d06432,1718
you-ve-been-interrupted-unexpectedly-please/work/erdos20-v13/lean/SunflowerLean/Erdos20V11EdgeThirdDesign.lean,erdos_20/v13/lean/SunflowerLean/Erdos20V11EdgeThirdDesign.lean,latest-production,erdos20-v13/lean/SunflowerLean,1ac6da8574445c510a0e8a74d2d18a38a31db80f3ab30e9134aa48627b5a2267,3043
you-ve-been-interrupted-unexpectedly-please/work/erdos20-v13/lean/SunflowerLean/Erdos20V11EdgeThirdSupport.lean,erdos_20/v13/lean/SunflowerLean/Erdos20V11EdgeThirdSupport.lean,latest-production,erdos20-v13/lean/SunflowerLean,6c75192fba2029759c842ccbb903f2cd0c80c025dba2947970dc38d59f19f170,6166
you-ve-been-interrupted-unexpectedly-please/work/erdos20-v13/lean/SunflowerLean/Erdos20V11EdgeTrace.lean,erdos_20/v13/lean/SunflowerLean/Erdos20V11EdgeTrace.lean,latest-production,erdos20-v13/lean/SunflowerLean,2b909edfd97633f609477d6c1f9c702b12902e22280e003025d78ff9308ddab2,6162
you-ve-been-interrupted-unexpectedly-please/work/erdos20-v13/lean/SunflowerLean/Erdos20V11Final.lean,erdos_20/v13/lean/SunflowerLean/Erdos20V11Final.lean,latest-production,erdos20-v13/lean/SunflowerLean,90f495a6f7ffd223be2b076cdf8b8d7274378b635de79167caa11bd235a3490f,3479
you-ve-been-interrupted-unexpectedly-please/work/erdos20-v13/lean/SunflowerLean/Erdos20V11HighCommon.lean,erdos_20/v13/lean/SunflowerLean/Erdos20V11HighCommon.lean,latest-production,erdos20-v13/lean/SunflowerLean,bd8dbeb1173b02edf6030a8f7c7d913a8cac2d43e20e0977783b6d43d9ae4f86,7523
you-ve-been-interrupted-unexpectedly-please/work/erdos20-v13/lean/SunflowerLean/Erdos20V11HighEdgeCounts.lean,erdos_20/v13/lean/SunflowerLean/Erdos20V11HighEdgeCounts.lean,latest-production,erdos20-v13/lean/SunflowerLean,1d52bb6401a37f434149b848b7ed7cd75ec9c4a32cf785773f00154f1789d3ed,3013
you-ve-been-interrupted-unexpectedly-please/work/erdos20-v13/lean/SunflowerLean/Erdos20V11HighEdgeDegree.lean,erdos_20/v13/lean/SunflowerLean/Erdos20V11HighEdgeDegree.lean,latest-production,erdos20-v13/lean/SunflowerLean,dc5c66b35b4871bc60d616f9b661e904b6be05862126eed49145ffb32ae0d783,5713
you-ve-been-interrupted-unexpectedly-please/work/erdos20-v13/lean/SunflowerLean/Erdos20V11HighEdgeReserve.lean,erdos_20/v13/lean/SunflowerLean/Erdos20V11HighEdgeReserve.lean,latest-production,erdos20-v13/lean/SunflowerLean,c5a5828c6b5a0e56d1a4cf837d8df620aea8471f3d952014dbb70fdf75090cda,4317
you-ve-been-interrupted-unexpectedly-please/work/erdos20-v13/lean/SunflowerLean/Erdos20V11HighSupport.lean,erdos_20/v13/lean/SunflowerLean/Erdos20V11HighSupport.lean,latest-production,erdos20-v13/lean/SunflowerLean,684c178f20521fd8cc7dae719d9ad6a2090813e5684dc526fe480a35063e0992,8373
you-ve-been-interrupted-unexpectedly-please/work/erdos20-v13/lean/SunflowerLean/Erdos20V12DegreeSeventeen.lean,erdos_20/v13/lean/SunflowerLean/Erdos20V12DegreeSeventeen.lean,latest-production,erdos20-v13/lean/SunflowerLean,8f49e09a47dddfba7e8957e4061cccad6963b319d6527b251917b5f2918788ca,5773
you-ve-been-interrupted-unexpectedly-please/work/erdos20-v13/lean/SunflowerLean/Erdos20V12Final.lean,erdos_20/v13/lean/SunflowerLean/Erdos20V12Final.lean,latest-production,erdos20-v13/lean/SunflowerLean,ff42e53557fffafb5e08bc7c915b3d963ac37168f8cfbc15be245e544e7f4dcc,1370
you-ve-been-interrupted-unexpectedly-please/work/erdos20-v13/lean/SunflowerLean/Erdos20V12HighCard.lean,erdos_20/v13/lean/SunflowerLean/Erdos20V12HighCard.lean,latest-production,erdos20-v13/lean/SunflowerLean,00eaedc7b3a2aa0fea7edcb24c8f8f9b0d8559e290bfee0261e98da37afe7cd4,3093
you-ve-been-interrupted-unexpectedly-please/work/erdos20-v13/lean/SunflowerLean/Erdos20V12HighCardGraph.lean,erdos_20/v13/lean/SunflowerLean/Erdos20V12HighCardGraph.lean,latest-production,erdos20-v13/lean/SunflowerLean,cb34ccc2c883d905a4f7b7eec716ed21f8984545ca3404b532780b381bbef4b2,4419
you-ve-been-interrupted-unexpectedly-please/work/erdos20-v13/lean/SunflowerLean/Erdos20V12HighCardPairs.lean,erdos_20/v13/lean/SunflowerLean/Erdos20V12HighCardPairs.lean,latest-production,erdos20-v13/lean/SunflowerLean,5e797f34f8e4875223e9c45926811216ef408ece482b4a6cbf25b211de464e08,4495
you-ve-been-interrupted-unexpectedly-please/work/erdos20-v13/lean/SunflowerLean/Erdos20V12HighCardTwo.lean,erdos_20/v13/lean/SunflowerLean/Erdos20V12HighCardTwo.lean,latest-production,erdos20-v13/lean/SunflowerLean,1bef7fbdd78891fa1aa813de222ec6e3572d48372f665d5bc329b8a652046b70,5725
you-ve-been-interrupted-unexpectedly-please/work/erdos20-v13/lean/SunflowerLean/Erdos20V12HighEdge.lean,erdos_20/v13/lean/SunflowerLean/Erdos20V12HighEdge.lean,latest-production,erdos20-v13/lean/SunflowerLean,09b086adc6e5486d6e755f32751d231bf13edd045112f2eb419e4044e0beb473,5871
you-ve-been-interrupted-unexpectedly-please/work/erdos20-v13/lean/SunflowerLean/Erdos20V12Intersecting.lean,erdos_20/v13/lean/SunflowerLean/Erdos20V12Intersecting.lean,latest-production,erdos20-v13/lean/SunflowerLean,75741ad91fef2555bfb20899a216d19f7e022e1bff56c2ed71f455d88a7761f1,2664
you-ve-been-interrupted-unexpectedly-please/work/erdos20-v13/lean/SunflowerLean/Erdos20V12Nineteen.lean,erdos_20/v13/lean/SunflowerLean/Erdos20V12Nineteen.lean,latest-production,erdos20-v13/lean/SunflowerLean,fe3510309d60edcd3c154b423eff7b1b7acccd6115b432caca22047f6b592d45,6177
you-ve-been-interrupted-unexpectedly-please/work/erdos20-v13/lean/SunflowerLean/Erdos20V12ProfileReduction.lean,erdos_20/v13/lean/SunflowerLean/Erdos20V12ProfileReduction.lean,latest-production,erdos20-v13/lean/SunflowerLean,6639e6e02e7f7c3832cd6fd663330e72010025ed8e41ca7c548ddb0450d05eca,3709
you-ve-been-interrupted-unexpectedly-please/work/erdos20-v13/lean/SunflowerLean/Erdos20V12ProfileScore.lean,erdos_20/v13/lean/SunflowerLean/Erdos20V12ProfileScore.lean,latest-production,erdos20-v13/lean/SunflowerLean,8ae43d1af45e36b911c5800fb37d97104e2ad43db0e1c389d634fcf8d9130fd3,1319
you-ve-been-interrupted-unexpectedly-please/work/erdos20-v13/lean/SunflowerLean/Erdos20V12ProfileScoreBridge.lean,erdos_20/v13/lean/SunflowerLean/Erdos20V12ProfileScoreBridge.lean,latest-production,erdos20-v13/lean/SunflowerLean,269dbbacff7787a6224e8c3449fa635eee37608bb9ba150ab7652f6a2979f679,10100
you-ve-been-interrupted-unexpectedly-please/work/erdos20-v13/lean/SunflowerLean/Erdos20V13Boundary.lean,erdos_20/v13/lean/SunflowerLean/Erdos20V13Boundary.lean,latest-production,erdos20-v13/lean/SunflowerLean,744f86bbed36366aa2ab7c38f935dd37c965d7d2d498b5e5d4d0253400db6916,11411
you-ve-been-interrupted-unexpectedly-please/work/erdos20-v13/lean/SunflowerLean/Erdos20V13BoundaryAudit.lean,erdos_20/v13/lean/SunflowerLean/Erdos20V13BoundaryAudit.lean,latest-production,erdos20-v13/lean/SunflowerLean,c5b61b420aeaf6b1d8f907ea2d206ec86335fcf169038e3f4a1a3a0a05f89c82,1643
you-ve-been-interrupted-unexpectedly-please/work/erdos20-v13/lean/SunflowerLean/Erdos20V13BoundaryLiteral.lean,erdos_20/v13/lean/SunflowerLean/Erdos20V13BoundaryLiteral.lean,latest-production,erdos20-v13/lean/SunflowerLean,4e063329ab018f58dea3c1079f877209873d6e03c170c6881ca88a669f841ff9,4224
you-ve-been-interrupted-unexpectedly-please/work/erdos20-v13/lean/SunflowerLean/Erdos20V13CombinedAudit.lean,erdos_20/v13/lean/SunflowerLean/Erdos20V13CombinedAudit.lean,latest-production,erdos20-v13/lean/SunflowerLean,9e6ad6255644518759a4205b5134eb2f7303bfe70d2584ca9a4f002bf21bbe9b,60456
you-ve-been-interrupted-unexpectedly-please/work/erdos20-v13/lean/SunflowerLean/Erdos20V13Endpoint.lean,erdos_20/v13/lean/SunflowerLean/Erdos20V13Endpoint.lean,latest-production,erdos20-v13/lean/SunflowerLean,d6c9cabfe42de5e9025c600043d4d4834f1417b2805d3cb468adf09fb2d02e4b,4168
you-ve-been-interrupted-unexpectedly-please/work/erdos20-v13/lean/SunflowerLean/Erdos20V13EnvironmentInventory.lean,erdos_20/v13/lean/SunflowerLean/Erdos20V13EnvironmentInventory.lean,latest-production,erdos20-v13/lean/SunflowerLean,550518783defa87246748ba5ce4558912b37ec48ccfef8e2740fd294114c1128,812
you-ve-been-interrupted-unexpectedly-please/work/erdos20-v13/lean/SunflowerLean/Erdos20V13Final.lean,erdos_20/v13/lean/SunflowerLean/Erdos20V13Final.lean,latest-production,erdos20-v13/lean/SunflowerLean,1f12295421dd613c4798ecfed49e743021a636de002520bdddcf4d57035f0939,398
you-ve-been-interrupted-unexpectedly-please/work/erdos20-v13/lean/SunflowerLean/Erdos20V13FiniteReduction.lean,erdos_20/v13/lean/SunflowerLean/Erdos20V13FiniteReduction.lean,latest-production,erdos20-v13/lean/SunflowerLean,752ea9ad55c4f98a13da0a6bbf84eecfb97c473c6bcb5b2087f3a984a701efa5,6886
you-ve-been-interrupted-unexpectedly-please/work/erdos20-v13/lean/SunflowerLean/Erdos20V13Intersecting.lean,erdos_20/v13/lean/SunflowerLean/Erdos20V13Intersecting.lean,latest-production,erdos20-v13/lean/SunflowerLean,9d573c962fdada65a8a7344fb2b07abd911f00cb5796270816a2f586a0e55194,6099
you-ve-been-interrupted-unexpectedly-please/work/erdos20-v13/lean/SunflowerLean/Erdos20V13Nineteen.lean,erdos_20/v13/lean/SunflowerLean/Erdos20V13Nineteen.lean,latest-production,erdos20-v13/lean/SunflowerLean,6e85c01de9e8d1bf4784e1455a2e236825d5849d8979f7aa1af44703b931515a,5621
you-ve-been-interrupted-unexpectedly-please/work/erdos20-v13/lean/SunflowerLean/Erdos20V13NineteenAudit.lean,erdos_20/v13/lean/SunflowerLean/Erdos20V13NineteenAudit.lean,latest-production,erdos20-v13/lean/SunflowerLean,e9027bdf178e08956ed314bb13f5d04536166cd041b83871ba45a6a2c701e461,2727
you-ve-been-interrupted-unexpectedly-please/work/erdos20-v13/lean/SunflowerLean/Erdos20V13Trace.lean,erdos_20/v13/lean/SunflowerLean/Erdos20V13Trace.lean,latest-production,erdos20-v13/lean/SunflowerLean,ff443a01d47d8c472d29bd7625dac96e4b59c615f217f641dab2aa6eb4531623,4326
you-ve-been-interrupted-unexpectedly-please/work/erdos20-v13/lean/SunflowerLean/Erdos20V3Frontier.lean,erdos_20/v13/lean/SunflowerLean/Erdos20V3Frontier.lean,latest-production,erdos20-v13/lean/SunflowerLean,2465fc86c8e07fd1f616779cff7b8c0e19ffa126579cdb0a8acadf6a10d5b64a,2948
you-ve-been-interrupted-unexpectedly-please/work/erdos20-v13/lean/SunflowerLean/Erdos20V4Frontier.lean,erdos_20/v13/lean/SunflowerLean/Erdos20V4Frontier.lean,latest-production,erdos20-v13/lean/SunflowerLean,8ea4774ea39ee5be0e431b13d54dc36f316afb13d8a64da10d705a11809c3c8e,3136
you-ve-been-interrupted-unexpectedly-please/work/erdos20-v13/lean/SunflowerLean/Erdos20V5Frontier.lean,erdos_20/v13/lean/SunflowerLean/Erdos20V5Frontier.lean,latest-production,erdos20-v13/lean/SunflowerLean,4c39c26f4e05a257e5f5fec66b48b2e5bac6506e035250eb068d6ab946d57673,2370
you-ve-been-interrupted-unexpectedly-please/work/erdos20-v13/lean/SunflowerLean/Erdos20V6Bounds.lean,erdos_20/v13/lean/SunflowerLean/Erdos20V6Bounds.lean,latest-production,erdos20-v13/lean/SunflowerLean,789c2621d115f3cea2c16b0a622acbf1f55e26bae76852bb582f632faf4ad61c,4387
you-ve-been-interrupted-unexpectedly-please/work/erdos20-v13/lean/SunflowerLean/Erdos20V7Bounds.lean,erdos_20/v13/lean/SunflowerLean/Erdos20V7Bounds.lean,latest-production,erdos20-v13/lean/SunflowerLean,7edfd6296376d2453ba3029fc0b641666ec860f1d5f82af2669671351ee71b9d,4326
you-ve-been-interrupted-unexpectedly-please/work/erdos20-v13/lean/SunflowerLean/Erdos20V8Boundary.lean,erdos_20/v13/lean/SunflowerLean/Erdos20V8Boundary.lean,latest-production,erdos20-v13/lean/SunflowerLean,c00e8a3e9e617ed13070736d955fa1a92baf0f3e3ad7b4023b6778dcebd6cd8f,3465
you-ve-been-interrupted-unexpectedly-please/work/erdos20-v13/lean/SunflowerLean/Erdos20V8BoundaryReduction.lean,erdos_20/v13/lean/SunflowerLean/Erdos20V8BoundaryReduction.lean,latest-production,erdos20-v13/lean/SunflowerLean,c48b807212dc9b6a50d218aa010caa6eed18faf36ba64263171b49c81fe8fff4,2301
you-ve-been-interrupted-unexpectedly-please/work/erdos20-v13/lean/SunflowerLean/Erdos20V8Consequences.lean,erdos_20/v13/lean/SunflowerLean/Erdos20V8Consequences.lean,latest-production,erdos20-v13/lean/SunflowerLean,b5a6de896d98a6a63ce24fd88a27377df7253bc6c66744b4b3a1c0ae5ee4bef3,3553
you-ve-been-interrupted-unexpectedly-please/work/erdos20-v13/lean/SunflowerLean/Erdos20V8DesignCounts.lean,erdos_20/v13/lean/SunflowerLean/Erdos20V8DesignCounts.lean,latest-production,erdos20-v13/lean/SunflowerLean,af7c092827c77a16dede2deae160022dfb1eee147b469a256f2011afd591f8bb,9685
you-ve-been-interrupted-unexpectedly-please/work/erdos20-v13/lean/SunflowerLean/Erdos20V8Final.lean,erdos_20/v13/lean/SunflowerLean/Erdos20V8Final.lean,latest-production,erdos20-v13/lean/SunflowerLean,ce55850e90751e823d4a5c94acfb1948f84e34dd3b617eae26975923279ce30a,3223
you-ve-been-interrupted-unexpectedly-please/work/erdos20-v13/lean/SunflowerLean/Erdos20V8Global.lean,erdos_20/v13/lean/SunflowerLean/Erdos20V8Global.lean,latest-production,erdos20-v13/lean/SunflowerLean,5055e8abb35ad5ec82c4648c3d1802e4f62d67cdd8509dc0d86af8e3a8bf81a1,17463
you-ve-been-interrupted-unexpectedly-please/work/erdos20-v13/lean/SunflowerLean/Erdos20V8HighDegrees.lean,erdos_20/v13/lean/SunflowerLean/Erdos20V8HighDegrees.lean,latest-production,erdos20-v13/lean/SunflowerLean,db2690a9388af66ef55f5c9cb0348ca4e87bf14a89294635ca1c7d9aea4a183f,3808
you-ve-been-interrupted-unexpectedly-please/work/erdos20-v13/lean/SunflowerLean/Erdos20V8HighWeights.lean,erdos_20/v13/lean/SunflowerLean/Erdos20V8HighWeights.lean,latest-production,erdos20-v13/lean/SunflowerLean,d253e3c8958b83e77ddbbace6013f4780d6b50a2db7d33e21fdc9dfd718f2513,7887
you-ve-been-interrupted-unexpectedly-please/work/erdos20-v13/lean/SunflowerLean/Erdos20V8Intersecting.lean,erdos_20/v13/lean/SunflowerLean/Erdos20V8Intersecting.lean,latest-production,erdos20-v13/lean/SunflowerLean,a11908a575279204b1d6368fb77dc24f9cd01cb673e6ed29bc99967915d3d782,15787
you-ve-been-interrupted-unexpectedly-please/work/erdos20-v13/lean/SunflowerLean/Erdos20V8MeetingProfile.lean,erdos_20/v13/lean/SunflowerLean/Erdos20V8MeetingProfile.lean,latest-production,erdos20-v13/lean/SunflowerLean,35f9beea08b5c907ccfe5c2767d76b67d37bffc8bd9ee721a90c5e674132d1d9,4874
you-ve-been-interrupted-unexpectedly-please/work/erdos20-v13/lean/SunflowerLean/Erdos20V8ProfileBridge.lean,erdos_20/v13/lean/SunflowerLean/Erdos20V8ProfileBridge.lean,latest-production,erdos20-v13/lean/SunflowerLean,f0c2ac4107d277c1a9562b1c64c4412f393d23388a53b1e64385a5277ca5ebc8,12070
you-ve-been-interrupted-unexpectedly-please/work/erdos20-v13/lean/SunflowerLean/Erdos20V8Saturated.lean,erdos_20/v13/lean/SunflowerLean/Erdos20V8Saturated.lean,latest-production,erdos20-v13/lean/SunflowerLean,fdd138161f9a9364b16574331cdc5db1b36ecf16f225351009dbf9553a0704aa,7057
you-ve-been-interrupted-unexpectedly-please/work/erdos20-v13/lean/SunflowerLean/Erdos20V8SaturatedWitness.lean,erdos_20/v13/lean/SunflowerLean/Erdos20V8SaturatedWitness.lean,latest-production,erdos20-v13/lean/SunflowerLean,e4d33e78bea9b8f53c0d879abd6e38ec94789ba1ab078138098b4704e48667eb,4988
you-ve-been-interrupted-unexpectedly-please/work/erdos20-v13/lean/SunflowerLean/Erdos20V8Stability.lean,erdos_20/v13/lean/SunflowerLean/Erdos20V8Stability.lean,latest-production,erdos20-v13/lean/SunflowerLean,c69c0c3bba328c379203f09f7477165bb46dfd7311401ddcd8387534ffc3db4a,13807
you-ve-been-interrupted-unexpectedly-please/work/erdos20-v13/lean/SunflowerLean/Erdos20V8Targets.lean,erdos_20/v13/lean/SunflowerLean/Erdos20V8Targets.lean,latest-production,erdos20-v13/lean/SunflowerLean,5aede5f7563da4d02d4da14429253062099f3e83a1d5b8b8c8eac5ef382d3a36,3558
you-ve-been-interrupted-unexpectedly-please/work/erdos20-v13/lean/SunflowerLean/Erdos20V9AllMeeting.lean,erdos_20/v13/lean/SunflowerLean/Erdos20V9AllMeeting.lean,latest-production,erdos20-v13/lean/SunflowerLean,a1d0f6616201f9a624d7d932d6e562264cf5c753788e66bd0e8718bceb2f7d4f,2954
you-ve-been-interrupted-unexpectedly-please/work/erdos20-v13/lean/SunflowerLean/Erdos20V9BoundaryArithmetic.lean,erdos_20/v13/lean/SunflowerLean/Erdos20V9BoundaryArithmetic.lean,latest-production,erdos20-v13/lean/SunflowerLean,5588f7f3fbab69f8de9b864c6a4fd992285ed5c92df7dfa4f7421f2fe84ba7f1,482
you-ve-been-interrupted-unexpectedly-please/work/erdos20-v13/lean/SunflowerLean/Erdos20V9Census.lean,erdos_20/v13/lean/SunflowerLean/Erdos20V9Census.lean,latest-production,erdos20-v13/lean/SunflowerLean,ef89da3ab5ab88976b56cf3220abd8b41c25e98e2a7d427374886907b6d25206,5715
you-ve-been-interrupted-unexpectedly-please/work/erdos20-v13/lean/SunflowerLean/Erdos20V9Consequences.lean,erdos_20/v13/lean/SunflowerLean/Erdos20V9Consequences.lean,latest-production,erdos20-v13/lean/SunflowerLean,af620312e77912355e09299a2f38cd98fc2ce505b0510281fac1336f0cfc43d9,2333
you-ve-been-interrupted-unexpectedly-please/work/erdos20-v13/lean/SunflowerLean/Erdos20V9Final.lean,erdos_20/v13/lean/SunflowerLean/Erdos20V9Final.lean,latest-production,erdos20-v13/lean/SunflowerLean,73a1501353f69bfbcfb6466fa664d49ae8a8729c621088af207ab6ee2eb6ab1b,4209
you-ve-been-interrupted-unexpectedly-please/work/erdos20-v13/lean/SunflowerLean/Erdos20V9HighCompatibility.lean,erdos_20/v13/lean/SunflowerLean/Erdos20V9HighCompatibility.lean,latest-production,erdos20-v13/lean/SunflowerLean,50257c647d5b7cc88c897abdb5b5b14eaf44e4a6893e4225a64c3578a995eed3,3857
you-ve-been-interrupted-unexpectedly-please/work/erdos20-v13/lean/SunflowerLean/Erdos20V9HighCompatibilityMain.lean,erdos_20/v13/lean/SunflowerLean/Erdos20V9HighCompatibilityMain.lean,latest-production,erdos20-v13/lean/SunflowerLean,71a92ca064dd4fc786a821165ef8922c690a3fdaa36d2d9f5863215fda84aeff,9326
you-ve-been-interrupted-unexpectedly-please/work/erdos20-v13/lean/SunflowerLean/Erdos20V9HighCompatibilityWitness.lean,erdos_20/v13/lean/SunflowerLean/Erdos20V9HighCompatibilityWitness.lean,latest-production,erdos20-v13/lean/SunflowerLean,a59390544e2be313384f34ccdabdc72b4998df4394cdb2e2b2670a04b450c510,4111
you-ve-been-interrupted-unexpectedly-please/work/erdos20-v13/lean/SunflowerLean/Erdos20V9HighGraph.lean,erdos_20/v13/lean/SunflowerLean/Erdos20V9HighGraph.lean,latest-production,erdos20-v13/lean/SunflowerLean,211e6e6afcd4c38a05a1045ba7ec5fde6715c065382ad28f87c656f9743ec1d5,11422
you-ve-been-interrupted-unexpectedly-please/work/erdos20-v13/lean/SunflowerLean/Erdos20V9HighIncidence.lean,erdos_20/v13/lean/SunflowerLean/Erdos20V9HighIncidence.lean,latest-production,erdos20-v13/lean/SunflowerLean,55cd5a470f179eb9500bec7a98503f562ef418bb3a3b55754adf7871125eee30,7553
you-ve-been-interrupted-unexpectedly-please/work/erdos20-v13/lean/SunflowerLean/Erdos20V9IntersectingTriangles.lean,erdos_20/v13/lean/SunflowerLean/Erdos20V9IntersectingTriangles.lean,latest-production,erdos20-v13/lean/SunflowerLean,9bc8f50e7e1c6dadf40521ca32430136600d86d006760486a1e38c0d42d846ba,13709
you-ve-been-interrupted-unexpectedly-please/work/erdos20-v13/lean/SunflowerLean/Erdos20V9Profile.lean,erdos_20/v13/lean/SunflowerLean/Erdos20V9Profile.lean,latest-production,erdos20-v13/lean/SunflowerLean,8afc9ad0a65f24b035ba3e97b9907a41d91b856f4ce01db53cb8baf9f03d9462,4828
you-ve-been-interrupted-unexpectedly-please/work/erdos20-v13/lean/SunflowerLean/Erdos20V9ProfileBridge.lean,erdos_20/v13/lean/SunflowerLean/Erdos20V9ProfileBridge.lean,latest-production,erdos20-v13/lean/SunflowerLean,8de247fbde37fb2b9fc16e94e15745f7f17e87c67c50d804ef931c67e070df87,6684
you-ve-been-interrupted-unexpectedly-please/work/erdos20-v13/lean/SunflowerLean/Erdos20V9TraceBridge.lean,erdos_20/v13/lean/SunflowerLean/Erdos20V9TraceBridge.lean,latest-production,erdos20-v13/lean/SunflowerLean,b0d2f25a9c123a38ae2508825e47e9d583ed00cfa7cab563a27a6c0906003407,8326
you-ve-been-interrupted-unexpectedly-please/work/erdos20-v13/lean/SunflowerLean/Erdos20V9WeightCongruence.lean,erdos_20/v13/lean/SunflowerLean/Erdos20V9WeightCongruence.lean,latest-production,erdos20-v13/lean/SunflowerLean,3eddc712ca6cc1d1d4c45c68168c3bacc6b38cd414a76304c7e6ec184810bda9,6931
you-ve-been-interrupted-unexpectedly-please/work/erdos20-v13/lean/SunflowerLean/ErdosRadoBound.lean,erdos_20/v13/lean/SunflowerLean/ErdosRadoBound.lean,latest-production,erdos20-v13/lean/SunflowerLean,eb118fd0ccce45bb0faede3d04ab80f240fcb9fce0552f5643ce9038a9e12037,9596
you-ve-been-interrupted-unexpectedly-please/work/erdos20-v13/lean/SunflowerLean/Spread.lean,erdos_20/v13/lean/SunflowerLean/Spread.lean,latest-production,erdos20-v13/lean/SunflowerLean,990576de949ae2b58ead1b5b65af44ab8dad7d3cda608b6134ccc7a7c5bface9,3741
you-ve-been-interrupted-unexpectedly-please/work/erdos20-v13/lean/negative/CensusMissingPositive.lean,erdos_20/v13/lean/negative/CensusMissingPositive.lean,negative-or-mutation,erdos20-v13/negative-and-mutation,b43e70b3dc948c0a019be58d84b7d61ad95b5c1126f0bb167c1788003efff5af,348
you-ve-been-interrupted-unexpectedly-please/work/erdos20-v13/lean/negative/CorruptCycle.lean,erdos_20/v13/lean/negative/CorruptCycle.lean,negative-or-mutation,erdos20-v13/negative-and-mutation,62cdbb8ff9ba60c89f4667206016e4795443bfcd87c553a7675cac5835be7163,182
you-ve-been-interrupted-unexpectedly-please/work/erdos20-v13/lean/negative/CorruptSix.lean,erdos_20/v13/lean/negative/CorruptSix.lean,negative-or-mutation,erdos20-v13/negative-and-mutation,7d50cb003a4bed72691ebc1dc6358df3f2860f17e91a298ddd999a8727d71658,100
you-ve-been-interrupted-unexpectedly-please/work/erdos20-v13/lean/negative/CorruptTen.lean,erdos_20/v13/lean/negative/CorruptTen.lean,negative-or-mutation,erdos20-v13/negative-and-mutation,7f77a82cd7898a2f82fb4d62da9023029d12ce6655bc6144816100afe6796471,106
you-ve-been-interrupted-unexpectedly-please/work/erdos20-v13/lean/negative/Endpoint.lean,erdos_20/v13/lean/negative/Endpoint.lean,negative-or-mutation,erdos20-v13/negative-and-mutation,e88729c20f07f5abfc6cefe5f2400739f7d6de849339f63153f7bccbfc014acb,166
you-ve-been-interrupted-unexpectedly-please/work/erdos20-v13/lean/negative/EndpointWeakened.lean,erdos_20/v13/lean/negative/EndpointWeakened.lean,negative-or-mutation,erdos20-v13/negative-and-mutation,aa84777787ffd2392ee3a1ada747f5b66899bfdef7af6bf5291324f958196c3a,363
you-ve-been-interrupted-unexpectedly-please/work/erdos20-v13/lean/negative/FalseHighCapOne.lean,erdos_20/v13/lean/negative/FalseHighCapOne.lean,negative-or-mutation,erdos20-v13/negative-and-mutation,612c095fba0e94d608b8a7b1cde17c5066505e88db773d3a0afe003c9ef12d4e,208
you-ve-been-interrupted-unexpectedly-please/work/erdos20-v13/lean/negative/FalseNineteen.lean,erdos_20/v13/lean/negative/FalseNineteen.lean,negative-or-mutation,erdos20-v13/negative-and-mutation,1033d5e1972f7b2dc9efb75a1cc5dcb98c33af60b75e4aa15563b57f007f23f2,112
you-ve-been-interrupted-unexpectedly-please/work/erdos20-v13/lean/negative/FalseReservedFour.lean,erdos_20/v13/lean/negative/FalseReservedFour.lean,negative-or-mutation,erdos20-v13/negative-and-mutation,bb1c67f7425b6aa9dc4420c272668ac75577db11531c0beb71e2cad594a70867,434
you-ve-been-interrupted-unexpectedly-please/work/erdos20-v13/lean/negative/MissingIntersection.lean,erdos_20/v13/lean/negative/MissingIntersection.lean,negative-or-mutation,erdos20-v13/negative-and-mutation,9586bf719bfbdcdf3c64ebb953559fdec0460e5eb9c6b980e92b8778522494b3,162
you-ve-been-interrupted-unexpectedly-please/work/erdos20-v13/lean/negative/RankZero.lean,erdos_20/v13/lean/negative/RankZero.lean,negative-or-mutation,erdos20-v13/negative-and-mutation,4d03f4b98244d6807c0fa5a520d0b79e514a188b2142de2a6659280517309266,193
you-ve-been-interrupted-unexpectedly-please/work/erdos20-v13/lean/negative/RetainedDegreeSeventeenProfile.lean,erdos_20/v13/lean/negative/RetainedDegreeSeventeenProfile.lean,negative-or-mutation,erdos20-v13/negative-and-mutation,5da312b3aff6962caaf5a43efebc9e429167582320e57a03f05ca88aedfb9625,247
you-ve-been-interrupted-unexpectedly-please/work/erdos20-v13/lean/negative/ReversedChecker.lean,erdos_20/v13/lean/negative/ReversedChecker.lean,negative-or-mutation,erdos20-v13/negative-and-mutation,f29717ba386aa1bc4238809984dba1a1f4b794a575856aff165eb8b27966697b,121
you-ve-been-interrupted-unexpectedly-please/work/erdos20-v13/lean/negative/ReversedCycleTrace.lean,erdos_20/v13/lean/negative/ReversedCycleTrace.lean,negative-or-mutation,erdos20-v13/negative-and-mutation,724b828b4699c6b978a72cdac2af21f9626bb210e7e2e6790205dffe7a5a3ed1,354
you-ve-been-interrupted-unexpectedly-please/work/erdos20-v13/lean/negative/TraceOffByOne.lean,erdos_20/v13/lean/negative/TraceOffByOne.lean,negative-or-mutation,erdos20-v13/negative-and-mutation,765eba54eea8474699ab533a0f7ac7014dce13bbb0af50e4ea2563522f87762f,344
you-ve-been-interrupted-unexpectedly-please/work/erdos20-v13/lean/negative/TransversalSeven.lean,erdos_20/v13/lean/negative/TransversalSeven.lean,negative-or-mutation,erdos20-v13/negative-and-mutation,757e1d651bbe09196bd9e8f5430855f1f670066f221e36d059e53efaf3c0f602,490
you-ve-been-interrupted-unexpectedly-please/work/erdos20-v13/lean/negative/UnexpectedAxiom.lean,erdos_20/v13/lean/negative/UnexpectedAxiom.lean,negative-or-mutation,erdos20-v13/negative-and-mutation,53acebb4132aa31b5b296261dcb13a9376093f3ce298fa0fb98067e1a705ef68,222
you-ve-been-interrupted-unexpectedly-please/work/erdos20-v13/lean/negative/WrongIteration.lean,erdos_20/v13/lean/negative/WrongIteration.lean,negative-or-mutation,erdos20-v13/negative-and-mutation,3c9107dbe2f0b8486a65200a327222472718d986f9b535ea661357fad9b14427,110
you-ve-been-interrupted-unexpectedly-please/work/erdos20-v13/negative/EndpointWeakened.lean,erdos_20/v13/negative/EndpointWeakened.lean,negative-or-mutation,erdos20-v13/negative-and-mutation,aa84777787ffd2392ee3a1ada747f5b66899bfdef7af6bf5291324f958196c3a,363
you-ve-been-interrupted-unexpectedly-please/work/erdos20-v13/reproduction/negative/CensusMissingPositive.lean,erdos_20/v13/reproduction/negative/CensusMissingPositive.lean,negative-or-mutation,erdos20-v13/negative-and-mutation,b43e70b3dc948c0a019be58d84b7d61ad95b5c1126f0bb167c1788003efff5af,348
you-ve-been-interrupted-unexpectedly-please/work/erdos20-v13/reproduction/negative/TraceOffByOne.lean,erdos_20/v13/reproduction/negative/TraceOffByOne.lean,negative-or-mutation,erdos20-v13/negative-and-mutation,765eba54eea8474699ab533a0f7ac7014dce13bbb0af50e4ea2563522f87762f,344
you-ve-been-interrupted-unexpectedly-please/work/erdos20-v13/reproduction/negative/TransversalSeven.lean,erdos_20/v13/reproduction/negative/TransversalSeven.lean,negative-or-mutation,erdos20-v13/negative-and-mutation,757e1d651bbe09196bd9e8f5430855f1f670066f221e36d059e53efaf3c0f602,490
you-ve-been-interrupted-unexpectedly-please/work/erdos20-v13/reproduction/smoke-project/SunflowerLean/A.lean,erdos_20/v13/reproduction/smoke-project/SunflowerLean/A.lean,audit-or-smoke,erdos20-v13/reproduction,86a0421ca297ed98a7bb2739832fa736b31f205e8f540f275ddfc72eac5866f0,93
you-ve-been-interrupted-unexpectedly-please/work/erdos20-v13/reproduction/smoke-project/SunflowerLean/B.lean,erdos_20/v13/reproduction/smoke-project/SunflowerLean/B.lean,audit-or-smoke,erdos20-v13/reproduction,8f3ae38623c9fc54d446c89c5ddd0e7bc7660515b823e9590f337cfe0497eec6,1374
you-ve-been-interrupted-unexpectedly-please/work/erdos20-v13/reproduction/smoke-project/negative/Bad.lean,erdos_20/v13/reproduction/smoke-project/negative/Bad.lean,audit-or-smoke,erdos20-v13/reproduction,a1f7f05f0a8a82a8fb7115aa742e375170702efd7fd6e4eef4fc07ece242e8a2,84
you-ve-been-interrupted-unexpectedly-please/work/erdos20-v13/reproduction/smoke-project-final/SunflowerLean/A.lean,erdos_20/v13/reproduction/smoke-project-final/SunflowerLean/A.lean,audit-or-smoke,erdos20-v13/reproduction,86a0421ca297ed98a7bb2739832fa736b31f205e8f540f275ddfc72eac5866f0,93
you-ve-been-interrupted-unexpectedly-please/work/erdos20-v13/reproduction/smoke-project-final/SunflowerLean/B.lean,erdos_20/v13/reproduction/smoke-project-final/SunflowerLean/B.lean,audit-or-smoke,erdos20-v13/reproduction,8f3ae38623c9fc54d446c89c5ddd0e7bc7660515b823e9590f337cfe0497eec6,1374
you-ve-been-interrupted-unexpectedly-please/work/erdos20-v13/reproduction/smoke-project-final/negative/Bad.lean,erdos_20/v13/reproduction/smoke-project-final/negative/Bad.lean,audit-or-smoke,erdos20-v13/reproduction,a1f7f05f0a8a82a8fb7115aa742e375170702efd7fd6e4eef4fc07ece242e8a2,84
