module,kind,name,line,repository_path,visibility
SunflowerLean.Basic,theorem,entanglement,39,erdos_20/v13/lean/SunflowerLean/Basic.lean,public
SunflowerLean.Basic,theorem,reduction_lemma,97,erdos_20/v13/lean/SunflowerLean/Basic.lean,public
SunflowerLean.Basic,theorem,disjoint_is_sunflower,178,erdos_20/v13/lean/SunflowerLean/Basic.lean,public
SunflowerLean.Erdos20BCWBridge,lemma,Erdos20BCWConditional.residualLink_member_disjoint_core,15,erdos_20/v13/lean/SunflowerLean/Erdos20BCWBridge.lean,public
SunflowerLean.Erdos20BCWBridge,lemma,Erdos20BCWConditional.core_union_injOn_residualLink,23,erdos_20/v13/lean/SunflowerLean/Erdos20BCWBridge.lean,public
SunflowerLean.Erdos20BCWBridge,lemma,Erdos20BCWConditional.residualLink_uniform,48,erdos_20/v13/lean/SunflowerLean/Erdos20BCWBridge.lean,public
SunflowerLean.Erdos20BCWBridge,lemma,Erdos20BCWConditional.core_union_residual_mem_family,57,erdos_20/v13/lean/SunflowerLean/Erdos20BCWBridge.lean,public
SunflowerLean.Erdos20BCWBridge,lemma,Erdos20BCWConditional.core_union_inter_eq_core,65,erdos_20/v13/lean/SunflowerLean/Erdos20BCWBridge.lean,public
SunflowerLean.Erdos20BCWBridge,theorem,Erdos20BCWConditional.residual_matching_lifts_sunflower,85,erdos_20/v13/lean/SunflowerLean/Erdos20BCWBridge.lean,public
SunflowerLean.Erdos20BCWBridge,theorem,Erdos20BCWConditional.card_le_pow_of_directSpreadMatching,113,erdos_20/v13/lean/SunflowerLean/Erdos20BCWBridge.lean,public
SunflowerLean.Erdos20BCWConditional,lemma,Erdos20BCWConditional.mem_upperStar_iff,25,erdos_20/v13/lean/SunflowerLean/Erdos20BCWConditional.lean,public
SunflowerLean.Erdos20BCWConditional,lemma,Erdos20BCWConditional.mem_residualLink_iff,30,erdos_20/v13/lean/SunflowerLean/Erdos20BCWConditional.lean,public
SunflowerLean.Erdos20BCWConditional,lemma,Erdos20BCWConditional.sdiff_injOn_upperStar,38,erdos_20/v13/lean/SunflowerLean/Erdos20BCWConditional.lean,public
SunflowerLean.Erdos20BCWConditional,lemma,Erdos20BCWConditional.card_residualLink,50,erdos_20/v13/lean/SunflowerLean/Erdos20BCWConditional.lean,public
SunflowerLean.Erdos20BCWConditional,lemma,Erdos20BCWConditional.empty_mem_denseCores,76,erdos_20/v13/lean/SunflowerLean/Erdos20BCWConditional.lean,public
SunflowerLean.Erdos20BCWConditional,theorem,Erdos20BCWConditional.exists_maximal_dense_core,84,erdos_20/v13/lean/SunflowerLean/Erdos20BCWConditional.lean,public
SunflowerLean.Erdos20BCWConditional,lemma,Erdos20BCWConditional.filter_residualLink_eq_image_upperStar_union,91,erdos_20/v13/lean/SunflowerLean/Erdos20BCWConditional.lean,public
SunflowerLean.Erdos20BCWConditional,lemma,Erdos20BCWConditional.card_filter_residualLink,122,erdos_20/v13/lean/SunflowerLean/Erdos20BCWConditional.lean,public
SunflowerLean.Erdos20BCWConditional,lemma,Erdos20BCWConditional.member_subset_support,140,erdos_20/v13/lean/SunflowerLean/Erdos20BCWConditional.lean,public
SunflowerLean.Erdos20BCWConditional,theorem,Erdos20BCWConditional.maximal_dense_core_residual_isSpread,149,erdos_20/v13/lean/SunflowerLean/Erdos20BCWConditional.lean,public
SunflowerLean.Erdos20Critical,theorem,Erdos20Critical.exists_exact_size_free_subfamily,37,erdos_20/v13/lean/SunflowerLean/Erdos20Critical.lean,public
SunflowerLean.Erdos20Critical,theorem,Erdos20Critical.exact_size_rank_pos,55,erdos_20/v13/lean/SunflowerLean/Erdos20Critical.lean,public
SunflowerLean.Erdos20Critical,theorem,Erdos20Critical.exists_minimal_critical,71,erdos_20/v13/lean/SunflowerLean/Erdos20Critical.lean,public
SunflowerLean.Erdos20Critical,theorem,Erdos20Critical.upperStar_bound_of_lowerRanks,96,erdos_20/v13/lean/SunflowerLean/Erdos20Critical.lean,public
SunflowerLean.Erdos20Critical,theorem,Erdos20Critical.upperStar_eq_empty_of_rank_lt,112,erdos_20/v13/lean/SunflowerLean/Erdos20Critical.lean,public
SunflowerLean.Erdos20Critical,theorem,Erdos20Critical.exact_size_isStrictSpread,127,erdos_20/v13/lean/SunflowerLean/Erdos20Critical.lean,public
SunflowerLean.Erdos20Critical,theorem,Erdos20Critical.exact_size_no_nonempty_dense_core,151,erdos_20/v13/lean/SunflowerLean/Erdos20Critical.lean,public
SunflowerLean.Erdos20Critical,theorem,Erdos20Critical.exact_size_rank_product_gt,167,erdos_20/v13/lean/SunflowerLean/Erdos20Critical.lean,public
SunflowerLean.Erdos20Critical,theorem,Erdos20Critical.exact_size_factorial_obstruction,183,erdos_20/v13/lean/SunflowerLean/Erdos20Critical.lean,public
SunflowerLean.Erdos20Critical,theorem,Erdos20Critical.exact_size_support_card_bound,195,erdos_20/v13/lean/SunflowerLean/Erdos20Critical.lean,public
SunflowerLean.Erdos20CrossBounds,theorem,Erdos20CrossBounds.intersecting_card_add_rank_sub_one_le,11,erdos_20/v13/lean/SunflowerLean/Erdos20CrossBounds.lean,public
SunflowerLean.Erdos20CrossBounds,theorem,Erdos20CrossBounds.rank_two_three_petals_degree_le_two,31,erdos_20/v13/lean/SunflowerLean/Erdos20CrossBounds.lean,public
SunflowerLean.Erdos20CrossBounds,theorem,Erdos20CrossBounds.intersecting_rank_two_three_petals_card_le_three,42,erdos_20/v13/lean/SunflowerLean/Erdos20CrossBounds.lean,public
SunflowerLean.Erdos20CrossBounds,theorem,Erdos20CrossBounds.common_point_rank_two_three_petals_card_le_two,56,erdos_20/v13/lean/SunflowerLean/Erdos20CrossBounds.lean,public
SunflowerLean.Erdos20CrossBounds,theorem,Erdos20CrossBounds.cross_intersecting_card_le,69,erdos_20/v13/lean/SunflowerLean/Erdos20CrossBounds.lean,public
SunflowerLean.Erdos20CrossBounds,theorem,Erdos20CrossBounds.cross_intersecting_rank_two_card_le_four,85,erdos_20/v13/lean/SunflowerLean/Erdos20CrossBounds.lean,public
SunflowerLean.Erdos20CrossBounds,theorem,Erdos20CrossBounds.card_le_degree_add_one_of_two_intersecting_edges,99,erdos_20/v13/lean/SunflowerLean/Erdos20CrossBounds.lean,public
SunflowerLean.Erdos20CrossBounds,theorem,Erdos20CrossBounds.cross_intersecting_large_forces_matching,150,erdos_20/v13/lean/SunflowerLean/Erdos20CrossBounds.lean,public
SunflowerLean.Erdos20CrossBounds,theorem,Erdos20CrossBounds.cross_intersecting_large_other_card_le_two,168,erdos_20/v13/lean/SunflowerLean/Erdos20CrossBounds.lean,public
SunflowerLean.Erdos20CrossBounds,theorem,Erdos20CrossBounds.cross_intersecting_rank_two_joint_card_le_six,184,erdos_20/v13/lean/SunflowerLean/Erdos20CrossBounds.lean,public
SunflowerLean.Erdos20CrossBounds,theorem,Erdos20CrossBounds.cross_intersecting_joint_bound_sharp,220,erdos_20/v13/lean/SunflowerLean/Erdos20CrossBounds.lean,public
SunflowerLean.Erdos20DegreeCongruences,theorem,Erdos20DegreeCongruences.member_pattern_of_degree_sum,19,erdos_20/v13/lean/SunflowerLean/Erdos20DegreeCongruences.lean,public
SunflowerLean.Erdos20DegreeCongruences,theorem,Erdos20DegreeCongruences.pattern_incidence_constraints,61,erdos_20/v13/lean/SunflowerLean/Erdos20DegreeCongruences.lean,public
SunflowerLean.Erdos20DegreeCongruences,theorem,Erdos20DegreeCongruences.member_patterns_incompatible,118,erdos_20/v13/lean/SunflowerLean/Erdos20DegreeCongruences.lean,public
SunflowerLean.Erdos20DegreeCongruences,theorem,Erdos20DegreeCongruences.no_forty_two_degree_patterns,129,erdos_20/v13/lean/SunflowerLean/Erdos20DegreeCongruences.lean,public
SunflowerLean.Erdos20DesignConsequences,theorem,Erdos20DesignConsequences.regular_six_pair_codegree_eq_two,10,erdos_20/v13/lean/SunflowerLean/Erdos20DesignConsequences.lean,public
SunflowerLean.Erdos20DesignConsequences,theorem,Erdos20DesignConsequences.regular_six_pair_meeting_card_eq_eight,55,erdos_20/v13/lean/SunflowerLean/Erdos20DesignConsequences.lean,public
SunflowerLean.Erdos20DesignConsequences,theorem,Erdos20DesignConsequences.degree_eq_zero_of_not_support,94,erdos_20/v13/lean/SunflowerLean/Erdos20DesignConsequences.lean,public
SunflowerLean.Erdos20DesignConsequences,theorem,Erdos20DesignConsequences.regular_six_no_two_point_transversal,104,erdos_20/v13/lean/SunflowerLean/Erdos20DesignConsequences.lean,public
SunflowerLean.Erdos20DesignCoordinates,theorem,Erdos20DesignCoordinates.pair_star_eq_of_two,9,erdos_20/v13/lean/SunflowerLean/Erdos20DesignCoordinates.lean,public
SunflowerLean.Erdos20DesignCoordinates,theorem,Erdos20DesignCoordinates.ten_pair_trace_card_one,24,erdos_20/v13/lean/SunflowerLean/Erdos20DesignCoordinates.lean,public
SunflowerLean.Erdos20DesignNormalForm,theorem,Erdos20DesignNormalForm.ten_forbids_three_faces,9,erdos_20/v13/lean/SunflowerLean/Erdos20DesignNormalForm.lean,public
SunflowerLean.Erdos20DesignNormalForm,theorem,Erdos20DesignNormalForm.ten_pair_has_outside_extension,78,erdos_20/v13/lean/SunflowerLean/Erdos20DesignNormalForm.lean,public
SunflowerLean.Erdos20DesignNormalForm,theorem,Erdos20DesignNormalForm.ten_distinct_outside_extension_pair,103,erdos_20/v13/lean/SunflowerLean/Erdos20DesignNormalForm.lean,public
SunflowerLean.Erdos20DesignNormalForm,theorem,Erdos20DesignNormalForm.distinct_outside_extensions,118,erdos_20/v13/lean/SunflowerLean/Erdos20DesignNormalForm.lean,public
SunflowerLean.Erdos20DesignNormalForm,theorem,Erdos20DesignNormalForm.ten_forbids_common_outside_extension,159,erdos_20/v13/lean/SunflowerLean/Erdos20DesignNormalForm.lean,public
SunflowerLean.Erdos20DesignNormalForm,theorem,Erdos20DesignNormalForm.six_point_support_of_extensions,207,erdos_20/v13/lean/SunflowerLean/Erdos20DesignNormalForm.lean,public
SunflowerLean.Erdos20DesignNormalForm,theorem,Erdos20DesignNormalForm.triple_of_two_mem_subset_four,239,erdos_20/v13/lean/SunflowerLean/Erdos20DesignNormalForm.lean,public
SunflowerLean.Erdos20DesignNormalForm,theorem,Erdos20DesignNormalForm.singleton_member_shape,264,erdos_20/v13/lean/SunflowerLean/Erdos20DesignNormalForm.lean,public
SunflowerLean.Erdos20DesignNormalForm,theorem,Erdos20DesignNormalForm.canonicalTen_card_le,297,erdos_20/v13/lean/SunflowerLean/Erdos20DesignNormalForm.lean,public
SunflowerLean.Erdos20DesignNormalForm,theorem,Erdos20DesignNormalForm.ten_normal_form_of_extensions,307,erdos_20/v13/lean/SunflowerLean/Erdos20DesignNormalForm.lean,public
SunflowerLean.Erdos20DesignNormalForm,theorem,Erdos20DesignNormalForm.ten_anchor_normal_form,397,erdos_20/v13/lean/SunflowerLean/Erdos20DesignNormalForm.lean,public
SunflowerLean.Erdos20DesignNormalForm,theorem,Erdos20DesignNormalForm.ten_has_normal_form,434,erdos_20/v13/lean/SunflowerLean/Erdos20DesignNormalForm.lean,public
SunflowerLean.Erdos20DesignNormalForm,theorem,Erdos20DesignNormalForm.ten_isomorphic_canonical,451,erdos_20/v13/lean/SunflowerLean/Erdos20DesignNormalForm.lean,public
SunflowerLean.Erdos20DesignSeparation,theorem,Erdos20DesignSeparation.outside_intersecting_ten_no_supported_pair,10,erdos_20/v13/lean/SunflowerLean/Erdos20DesignSeparation.lean,public
SunflowerLean.Erdos20DesignSeparation,theorem,Erdos20DesignSeparation.outside_intersecting_ten_disjoint_support,38,erdos_20/v13/lean/SunflowerLean/Erdos20DesignSeparation.lean,public
SunflowerLean.Erdos20DesignSeparation,theorem,Erdos20DesignSeparation.complement_of_intersecting_ten_intersecting,69,erdos_20/v13/lean/SunflowerLean/Erdos20DesignSeparation.lean,public
SunflowerLean.Erdos20DesignSeparation,theorem,Erdos20DesignSeparation.complement_of_intersecting_ten_card_le_ten,94,erdos_20/v13/lean/SunflowerLean/Erdos20DesignSeparation.lean,public
SunflowerLean.Erdos20DesignSeparation,theorem,Erdos20DesignSeparation.intersecting_ten_complement_supports_disjoint,106,erdos_20/v13/lean/SunflowerLean/Erdos20DesignSeparation.lean,public
SunflowerLean.Erdos20DesignSeparation,theorem,Erdos20DesignSeparation.extremal_twenty_complement_design,121,erdos_20/v13/lean/SunflowerLean/Erdos20DesignSeparation.lean,public
SunflowerLean.Erdos20DesignSeparation,theorem,Erdos20DesignSeparation.intersecting_ten_degrees_preserved,144,erdos_20/v13/lean/SunflowerLean/Erdos20DesignSeparation.lean,public
SunflowerLean.Erdos20DesignSeparation,theorem,Erdos20DesignSeparation.extremal_twenty_regular_twelve_of_intersecting_ten,168,erdos_20/v13/lean/SunflowerLean/Erdos20DesignSeparation.lean,public
SunflowerLean.Erdos20Endpoints,theorem,Erdos20Endpoints.forces_succ_pow_iff,20,erdos_20/v13/lean/SunflowerLean/Erdos20Endpoints.lean,public
SunflowerLean.Erdos20Endpoints,theorem,Erdos20Endpoints.pow_add_one_lt_pow_add_two,36,erdos_20/v13/lean/SunflowerLean/Erdos20Endpoints.lean,public
SunflowerLean.Erdos20Endpoints,theorem,Erdos20Endpoints.strict_forcing_threshold_of_extremal,46,erdos_20/v13/lean/SunflowerLean/Erdos20Endpoints.lean,public
SunflowerLean.Erdos20Endpoints,theorem,Erdos20Endpoints.strict_forcing_threshold_of_direct,52,erdos_20/v13/lean/SunflowerLean/Erdos20Endpoints.lean,public
SunflowerLean.Erdos20Endpoints,theorem,Erdos20Endpoints.uniformExtremalBound_expanded,62,erdos_20/v13/lean/SunflowerLean/Erdos20Endpoints.lean,public
SunflowerLean.Erdos20ExtremalStructure,theorem,Erdos20ExtremalStructure.intersecting_degree_six_card_eq_six,10,erdos_20/v13/lean/SunflowerLean/Erdos20ExtremalStructure.lean,public
SunflowerLean.Erdos20ExtremalStructure,theorem,Erdos20ExtremalStructure.intersecting_card_ge_seven_degree_le_five,46,erdos_20/v13/lean/SunflowerLean/Erdos20ExtremalStructure.lean,public
SunflowerLean.Erdos20ExtremalStructure,theorem,Erdos20ExtremalStructure.intersecting_ten_degree_le_five,58,erdos_20/v13/lean/SunflowerLean/Erdos20ExtremalStructure.lean,public
SunflowerLean.Erdos20ExtremalStructure,theorem,Erdos20ExtremalStructure.local_patterns_exclude_degree_four,74,erdos_20/v13/lean/SunflowerLean/Erdos20ExtremalStructure.lean,public
SunflowerLean.Erdos20ExtremalStructure,theorem,Erdos20ExtremalStructure.local_patterns_force_regular_six_support,109,erdos_20/v13/lean/SunflowerLean/Erdos20ExtremalStructure.lean,public
SunflowerLean.Erdos20ExtremalSupport,theorem,Erdos20ExtremalSupport.extremal_member_saturated_card_le_one,12,erdos_20/v13/lean/SunflowerLean/Erdos20ExtremalSupport.lean,public
SunflowerLean.Erdos20ExtremalSupport,theorem,Erdos20ExtremalSupport.extremal_degree_six_points_card_le_three,38,erdos_20/v13/lean/SunflowerLean/Erdos20ExtremalSupport.lean,public
SunflowerLean.Erdos20ExtremalSupport,theorem,Erdos20ExtremalSupport.support_degree_sum,56,erdos_20/v13/lean/SunflowerLean/Erdos20ExtremalSupport.lean,public
SunflowerLean.Erdos20ExtremalSupport,theorem,Erdos20ExtremalSupport.extremal_supported_degree_ge_three,69,erdos_20/v13/lean/SunflowerLean/Erdos20ExtremalSupport.lean,public
SunflowerLean.Erdos20ExtremalSupport,theorem,Erdos20ExtremalSupport.extremal_support_card_window,78,erdos_20/v13/lean/SunflowerLean/Erdos20ExtremalSupport.lean,public
SunflowerLean.Erdos20ExtremalTransversals,theorem,Erdos20ExtremalTransversals.intersecting_ten_transversal_card_ge_three,10,erdos_20/v13/lean/SunflowerLean/Erdos20ExtremalTransversals.lean,public
SunflowerLean.Erdos20ExtremalTransversals,theorem,Erdos20ExtremalTransversals.transversal_restrict_support,26,erdos_20/v13/lean/SunflowerLean/Erdos20ExtremalTransversals.lean,public
SunflowerLean.Erdos20ExtremalTransversals,theorem,Erdos20ExtremalTransversals.extremal_twenty_transversal_card_ge_six,37,erdos_20/v13/lean/SunflowerLean/Erdos20ExtremalTransversals.lean,public
SunflowerLean.Erdos20ExtremalTransversals,theorem,Erdos20ExtremalTransversals.extremal_twenty_avoids_five_points,62,erdos_20/v13/lean/SunflowerLean/Erdos20ExtremalTransversals.lean,public
SunflowerLean.Erdos20ExtremalTransversals,theorem,Erdos20ExtremalTransversals.extremal_twenty_exists_transversal_six,73,erdos_20/v13/lean/SunflowerLean/Erdos20ExtremalTransversals.lean,public
SunflowerLean.Erdos20ExtremalTransversals,theorem,Erdos20ExtremalTransversals.intersecting_rank_four_degree_twenty_common_point,99,erdos_20/v13/lean/SunflowerLean/Erdos20ExtremalTransversals.lean,public
SunflowerLean.Erdos20ExtremalTransversals,theorem,Erdos20ExtremalTransversals.intersecting_rank_four_degree_twenty_card_eq_twenty,127,erdos_20/v13/lean/SunflowerLean/Erdos20ExtremalTransversals.lean,public
SunflowerLean.Erdos20ExtremalTransversals,theorem,Erdos20ExtremalTransversals.intersecting_rank_four_card_ge_twenty_one_degree_le_nineteen,137,erdos_20/v13/lean/SunflowerLean/Erdos20ExtremalTransversals.lean,public
SunflowerLean.Erdos20ExtremalTwenty,theorem,Erdos20ExtremalTwenty.singleton_intersection_card_le_nine,14,erdos_20/v13/lean/SunflowerLean/Erdos20ExtremalTwenty.lean,public
SunflowerLean.Erdos20ExtremalTwenty,theorem,Erdos20ExtremalTwenty.triple_meeting_incidence_defect,37,erdos_20/v13/lean/SunflowerLean/Erdos20ExtremalTwenty.lean,public
SunflowerLean.Erdos20ExtremalTwenty,theorem,Erdos20ExtremalTwenty.member_degree_sum_le_fifteen_add_saturated,69,erdos_20/v13/lean/SunflowerLean/Erdos20ExtremalTwenty.lean,public
SunflowerLean.Erdos20ExtremalTwenty,theorem,Erdos20ExtremalTwenty.extremal_meeting_card_le_twelve,94,erdos_20/v13/lean/SunflowerLean/Erdos20ExtremalTwenty.lean,public
SunflowerLean.Erdos20ExtremalTwenty,theorem,Erdos20ExtremalTwenty.extremal_disjointness_degree_ge_eight,106,erdos_20/v13/lean/SunflowerLean/Erdos20ExtremalTwenty.lean,public
SunflowerLean.Erdos20ExtremalTwenty,theorem,Erdos20ExtremalTwenty.graph_degree_eight_member_saturated_eq_one,118,erdos_20/v13/lean/SunflowerLean/Erdos20ExtremalTwenty.lean,public
SunflowerLean.Erdos20ExtremalTwenty,theorem,Erdos20ExtremalTwenty.extremal_disjointnessGraph_two_colorable,135,erdos_20/v13/lean/SunflowerLean/Erdos20ExtremalTwenty.lean,public
SunflowerLean.Erdos20ExtremalTwenty,theorem,Erdos20ExtremalTwenty.extremal_twenty_contains_intersecting_ten,164,erdos_20/v13/lean/SunflowerLean/Erdos20ExtremalTwenty.lean,public
SunflowerLean.Erdos20ExtremalTwenty,theorem,Erdos20ExtremalTwenty.extremal_twenty_two_disjoint_designs,219,erdos_20/v13/lean/SunflowerLean/Erdos20ExtremalTwenty.lean,public
SunflowerLean.Erdos20ExtremalTwenty,theorem,Erdos20ExtremalTwenty.extremal_twenty_regular_twelve,247,erdos_20/v13/lean/SunflowerLean/Erdos20ExtremalTwenty.lean,public
SunflowerLean.Erdos20FiniteReduction,theorem,Erdos20FiniteReduction.card_mapFamily,21,erdos_20/v13/lean/SunflowerLean/Erdos20FiniteReduction.lean,public
SunflowerLean.Erdos20FiniteReduction,theorem,Erdos20FiniteReduction.isSunflower_mapFamily_iff,27,erdos_20/v13/lean/SunflowerLean/Erdos20FiniteReduction.lean,public
SunflowerLean.Erdos20FiniteReduction,theorem,Erdos20FiniteReduction.isSunflowerFree_mapFamily_iff,51,erdos_20/v13/lean/SunflowerLean/Erdos20FiniteReduction.lean,public
SunflowerLean.Erdos20FiniteReduction,theorem,Erdos20FiniteReduction.uniform_mapFamily,65,erdos_20/v13/lean/SunflowerLean/Erdos20FiniteReduction.lean,public
SunflowerLean.Erdos20FiniteReduction,theorem,Erdos20FiniteReduction.map_restrictSet,80,erdos_20/v13/lean/SunflowerLean/Erdos20FiniteReduction.lean,public
SunflowerLean.Erdos20FiniteReduction,theorem,Erdos20FiniteReduction.exists_fin_relabel,94,erdos_20/v13/lean/SunflowerLean/Erdos20FiniteReduction.lean,public
SunflowerLean.Erdos20FiniteReduction,theorem,Erdos20FiniteReduction.finiteObstruction_of_counterexample,143,erdos_20/v13/lean/SunflowerLean/Erdos20FiniteReduction.lean,public
SunflowerLean.Erdos20FiniteReduction,theorem,Erdos20FiniteReduction.rankCounterexample_iff_finiteObstruction,159,erdos_20/v13/lean/SunflowerLean/Erdos20FiniteReduction.lean,public
SunflowerLean.Erdos20FiniteReduction,theorem,Erdos20FiniteReduction.uniformBound_iff_no_finiteObstruction,175,erdos_20/v13/lean/SunflowerLean/Erdos20FiniteReduction.lean,public
SunflowerLean.Erdos20FiniteReduction,theorem,Erdos20FiniteReduction.sunflowerFree_iff_powersetCard,193,erdos_20/v13/lean/SunflowerLean/Erdos20FiniteReduction.lean,public
SunflowerLean.Erdos20FiniteReduction,theorem,Erdos20FiniteReduction.obstructionCheck_eq_true_iff,218,erdos_20/v13/lean/SunflowerLean/Erdos20FiniteReduction.lean,public
SunflowerLean.Erdos20FiniteReduction,theorem,Erdos20FiniteReduction.bound_of_obstructionCheck_eq_false,225,erdos_20/v13/lean/SunflowerLean/Erdos20FiniteReduction.lean,public
SunflowerLean.Erdos20FiniteReduction,theorem,Erdos20FiniteReduction.uniformBound_iff_all_checks_false,240,erdos_20/v13/lean/SunflowerLean/Erdos20FiniteReduction.lean,public
SunflowerLean.Erdos20FiniteReduction,theorem,Erdos20FiniteReduction.exists_minimal_finiteObstruction,247,erdos_20/v13/lean/SunflowerLean/Erdos20FiniteReduction.lean,public
SunflowerLean.Erdos20FiniteReduction,theorem,Erdos20FiniteReduction.obstructionCheck_rank_zero,256,erdos_20/v13/lean/SunflowerLean/Erdos20FiniteReduction.lean,public
SunflowerLean.Erdos20FiniteReduction,theorem,Erdos20FiniteReduction.obstructionCheck_positive_control,264,erdos_20/v13/lean/SunflowerLean/Erdos20FiniteReduction.lean,public
SunflowerLean.Erdos20FiniteReduction,theorem,Erdos20FiniteReduction.obstructionCheck_negative_control,268,erdos_20/v13/lean/SunflowerLean/Erdos20FiniteReduction.lean,public
SunflowerLean.Erdos20FiniteReduction,theorem,Erdos20FiniteReduction.mem_candidateFamilies_iff,278,erdos_20/v13/lean/SunflowerLean/Erdos20FiniteReduction.lean,public
SunflowerLean.Erdos20FiniteReduction,theorem,Erdos20FiniteReduction.card_candidateFamilies,286,erdos_20/v13/lean/SunflowerLean/Erdos20FiniteReduction.lean,public
SunflowerLean.Erdos20FiniteReduction,theorem,Erdos20FiniteReduction.finiteObstruction_iff_candidate,293,erdos_20/v13/lean/SunflowerLean/Erdos20FiniteReduction.lean,public
SunflowerLean.Erdos20FiniteReduction,theorem,Erdos20FiniteReduction.candidateCheck_eq_obstructionCheck,309,erdos_20/v13/lean/SunflowerLean/Erdos20FiniteReduction.lean,public
SunflowerLean.Erdos20FiniteReduction,theorem,Erdos20FiniteReduction.uniformBound_iff_all_candidate_checks_false,316,erdos_20/v13/lean/SunflowerLean/Erdos20FiniteReduction.lean,public
SunflowerLean.Erdos20FortyOne,theorem,Erdos20FortyOne.forty_two_ordered_degree_pattern,10,erdos_20/v13/lean/SunflowerLean/Erdos20FortyOne.lean,public
SunflowerLean.Erdos20FortyOne,theorem,Erdos20FortyOne.forty_two_member_patterns,105,erdos_20/v13/lean/SunflowerLean/Erdos20FortyOne.lean,public
SunflowerLean.Erdos20FortyOne,theorem,Erdos20FortyOne.intersecting_rank_four_card_le_forty_one,141,erdos_20/v13/lean/SunflowerLean/Erdos20FortyOne.lean,public
SunflowerLean.Erdos20FortyOne,theorem,Erdos20FortyOne.rank_four_card_le_eighty_two_of_two_colorable,151,erdos_20/v13/lean/SunflowerLean/Erdos20FortyOne.lean,public
SunflowerLean.Erdos20FortyOneArithmetic,theorem,Erdos20FortyOneArithmetic.contribution_le_ceiling,22,erdos_20/v13/lean/SunflowerLean/Erdos20FortyOneArithmetic.lean,public
SunflowerLean.Erdos20FortyOneArithmetic,theorem,Erdos20FortyOneArithmetic.opposite_pair_le_capacity,31,erdos_20/v13/lean/SunflowerLean/Erdos20FortyOneArithmetic.lean,public
SunflowerLean.Erdos20FortyOneArithmetic,theorem,Erdos20FortyOneArithmetic.capacity_one_properties,36,erdos_20/v13/lean/SunflowerLean/Erdos20FortyOneArithmetic.lean,public
SunflowerLean.Erdos20FortyOneArithmetic,theorem,Erdos20FortyOneArithmetic.capacity_three_properties,41,erdos_20/v13/lean/SunflowerLean/Erdos20FortyOneArithmetic.lean,public
SunflowerLean.Erdos20FortyOneArithmetic,theorem,Erdos20FortyOneArithmetic.capacity_profile_certificate,48,erdos_20/v13/lean/SunflowerLean/Erdos20FortyOneArithmetic.lean,public
SunflowerLean.Erdos20FortyOneArithmetic,theorem,Erdos20FortyOneArithmetic.all_one_pattern,56,erdos_20/v13/lean/SunflowerLean/Erdos20FortyOneArithmetic.lean,public
SunflowerLean.Erdos20FortyOneArithmetic,theorem,Erdos20FortyOneArithmetic.all_three_zero_pattern,71,erdos_20/v13/lean/SunflowerLean/Erdos20FortyOneArithmetic.lean,public
SunflowerLean.Erdos20FortyOneArithmetic,theorem,Erdos20FortyOneArithmetic.all_three_one_pattern,87,erdos_20/v13/lean/SunflowerLean/Erdos20FortyOneArithmetic.lean,public
SunflowerLean.Erdos20FortyOneArithmetic,theorem,Erdos20FortyOneArithmetic.grouped_contribution_sum,112,erdos_20/v13/lean/SunflowerLean/Erdos20FortyOneArithmetic.lean,public
SunflowerLean.Erdos20FortyOneArithmetic,theorem,Erdos20FortyOneArithmetic.all_three_triple_sum_le_one,118,erdos_20/v13/lean/SunflowerLean/Erdos20FortyOneArithmetic.lean,public
SunflowerLean.Erdos20FortyOneArithmetic,theorem,Erdos20FortyOneArithmetic.four_flags_sum_zero,126,erdos_20/v13/lean/SunflowerLean/Erdos20FortyOneArithmetic.lean,public
SunflowerLean.Erdos20FortyOneArithmetic,theorem,Erdos20FortyOneArithmetic.local_pattern,130,erdos_20/v13/lean/SunflowerLean/Erdos20FortyOneArithmetic.lean,public
SunflowerLean.Erdos20Frontier,theorem,Erdos20Frontier.uniformBound_interfaces_agree,18,erdos_20/v13/lean/SunflowerLean/Erdos20Frontier.lean,public
SunflowerLean.Erdos20Frontier,theorem,Erdos20Frontier.sunflowerConjecture_iff_strictSpreadConjecture,21,erdos_20/v13/lean/SunflowerLean/Erdos20Frontier.lean,public
SunflowerLean.Erdos20Frontier,theorem,Erdos20Frontier.forcing_of_strictSpreadSunflower,31,erdos_20/v13/lean/SunflowerLean/Erdos20Frontier.lean,public
SunflowerLean.Erdos20Frontier,theorem,Erdos20Frontier.strictSpreadSunflower_expanded,37,erdos_20/v13/lean/SunflowerLean/Erdos20Frontier.lean,public
SunflowerLean.Erdos20Frontier,theorem,Erdos20Frontier.rank_zero_exception,50,erdos_20/v13/lean/SunflowerLean/Erdos20Frontier.lean,public
SunflowerLean.Erdos20Frontier,theorem,Erdos20Frontier.strictSpread_free_rank_lower_bound,68,erdos_20/v13/lean/SunflowerLean/Erdos20Frontier.lean,public
SunflowerLean.Erdos20Frontier,theorem,Erdos20Frontier.counterexample_has_high_rank_strict_residual,83,erdos_20/v13/lean/SunflowerLean/Erdos20Frontier.lean,public
SunflowerLean.Erdos20Frontier,theorem,Erdos20Frontier.cycleFive_not_strictSpreadSunflower,101,erdos_20/v13/lean/SunflowerLean/Erdos20Frontier.lean,public
SunflowerLean.Erdos20GraphEquality,theorem,Erdos20GraphEquality.intersecting_three_edges_triangle,9,erdos_20/v13/lean/SunflowerLean/Erdos20GraphEquality.lean,public
SunflowerLean.Erdos20GraphEquality,theorem,Erdos20GraphEquality.saturated_point_no_extra_edge,69,erdos_20/v13/lean/SunflowerLean/Erdos20GraphEquality.lean,public
SunflowerLean.Erdos20GraphEquality,theorem,Erdos20GraphEquality.triangle_isolated,85,erdos_20/v13/lean/SunflowerLean/Erdos20GraphEquality.lean,public
SunflowerLean.Erdos20GraphEquality,theorem,Erdos20GraphEquality.graph_meeting_neighborhood_card_le_three,122,erdos_20/v13/lean/SunflowerLean/Erdos20GraphEquality.lean,public
SunflowerLean.Erdos20GraphEquality,theorem,Erdos20GraphEquality.six_edges_two_disjoint_triangles,145,erdos_20/v13/lean/SunflowerLean/Erdos20GraphEquality.lean,public
SunflowerLean.Erdos20GraphEquality,theorem,Erdos20GraphEquality.degree_six_triple_link_two_triangles,231,erdos_20/v13/lean/SunflowerLean/Erdos20GraphEquality.lean,public
SunflowerLean.Erdos20GraphEquality,theorem,Erdos20GraphEquality.triangle_edge_extension,264,erdos_20/v13/lean/SunflowerLean/Erdos20GraphEquality.lean,public
SunflowerLean.Erdos20GraphEquality,theorem,Erdos20GraphEquality.six_edges_edge_extension,295,erdos_20/v13/lean/SunflowerLean/Erdos20GraphEquality.lean,public
SunflowerLean.Erdos20GraphEquality,theorem,Erdos20GraphEquality.six_edges_adjacent_close,311,erdos_20/v13/lean/SunflowerLean/Erdos20GraphEquality.lean,public
SunflowerLean.Erdos20GraphEquality,theorem,Erdos20GraphEquality.two_degree_six_vertices_force_tetrahedron,339,erdos_20/v13/lean/SunflowerLean/Erdos20GraphEquality.lean,public
SunflowerLean.Erdos20GraphEqualityEndpoint,theorem,Erdos20GraphEqualityEndpoint.independentProfile_card_le_two,24,erdos_20/v13/lean/SunflowerLean/Erdos20GraphEqualityEndpoint.lean,public
SunflowerLean.Erdos20GraphEqualityEndpoint,theorem,Erdos20GraphEqualityEndpoint.independent_pair_is_cycle_neighborhood,27,erdos_20/v13/lean/SunflowerLean/Erdos20GraphEqualityEndpoint.lean,public
SunflowerLean.Erdos20GraphEqualityEndpoint,theorem,Erdos20GraphEqualityEndpoint.independent_pair_disjoint_neighborhood_contains_center,31,erdos_20/v13/lean/SunflowerLean/Erdos20GraphEqualityEndpoint.lean,public
SunflowerLean.Erdos20GraphEqualityEndpoint,theorem,Erdos20GraphEqualityEndpoint.profile_independent,42,erdos_20/v13/lean/SunflowerLean/Erdos20GraphEqualityEndpoint.lean,public
SunflowerLean.Erdos20GraphEqualityEndpoint,theorem,Erdos20GraphEqualityEndpoint.sum_cycle_degrees_eq_sum_profiles,53,erdos_20/v13/lean/SunflowerLean/Erdos20GraphEqualityEndpoint.lean,public
SunflowerLean.Erdos20GraphEqualityEndpoint,theorem,Erdos20GraphEqualityEndpoint.profile_saturation,67,erdos_20/v13/lean/SunflowerLean/Erdos20GraphEqualityEndpoint.lean,public
SunflowerLean.Erdos20GraphEqualityEndpoint,theorem,Erdos20GraphEqualityEndpoint.neighborhood_contained_in_cycle_neighborhood,98,erdos_20/v13/lean/SunflowerLean/Erdos20GraphEqualityEndpoint.lean,public
SunflowerLean.Erdos20GraphEqualityEndpoint,theorem,Erdos20GraphEqualityEndpoint.regular_of_cycle_at_threshold,118,erdos_20/v13/lean/SunflowerLean/Erdos20GraphEqualityEndpoint.lean,public
SunflowerLean.Erdos20GraphEqualityEndpoint,theorem,Erdos20GraphEqualityEndpoint.five_cycle_of_wheel,134,erdos_20/v13/lean/SunflowerLean/Erdos20GraphEqualityEndpoint.lean,public
SunflowerLean.Erdos20GraphEqualityEndpoint,theorem,Erdos20GraphEqualityEndpoint.twenty_vertex_nonbipartite_regular,158,erdos_20/v13/lean/SunflowerLean/Erdos20GraphEqualityEndpoint.lean,public
SunflowerLean.Erdos20GrowthRate,theorem,Erdos20GrowthRate.mem_admissible_iff,35,erdos_20/v13/lean/SunflowerLean/Erdos20GrowthRate.lean,public
SunflowerLean.Erdos20GrowthRate,theorem,Erdos20GrowthRate.finite_representative,41,erdos_20/v13/lean/SunflowerLean/Erdos20GrowthRate.lean,public
SunflowerLean.Erdos20GrowthRate,theorem,Erdos20GrowthRate.card_le_extremal,55,erdos_20/v13/lean/SunflowerLean/Erdos20GrowthRate.lean,public
SunflowerLean.Erdos20GrowthRate,theorem,Erdos20GrowthRate.admissible_nonempty,63,erdos_20/v13/lean/SunflowerLean/Erdos20GrowthRate.lean,public
SunflowerLean.Erdos20GrowthRate,theorem,Erdos20GrowthRate.extremal_attained,74,erdos_20/v13/lean/SunflowerLean/Erdos20GrowthRate.lean,public
SunflowerLean.Erdos20GrowthRate,theorem,Erdos20GrowthRate.extremal_factorial_bound,82,erdos_20/v13/lean/SunflowerLean/Erdos20GrowthRate.lean,public
SunflowerLean.Erdos20GrowthRate,theorem,Erdos20GrowthRate.singleton_rank_witness,90,erdos_20/v13/lean/SunflowerLean/Erdos20GrowthRate.lean,public
SunflowerLean.Erdos20GrowthRate,theorem,Erdos20GrowthRate.witness_le_extremal,99,erdos_20/v13/lean/SunflowerLean/Erdos20GrowthRate.lean,public
SunflowerLean.Erdos20GrowthRate,theorem,Erdos20GrowthRate.extremal_pos,104,erdos_20/v13/lean/SunflowerLean/Erdos20GrowthRate.lean,public
SunflowerLean.Erdos20GrowthRate,theorem,Erdos20GrowthRate.extremal_zero,107,erdos_20/v13/lean/SunflowerLean/Erdos20GrowthRate.lean,public
SunflowerLean.Erdos20GrowthRate,theorem,Erdos20GrowthRate.extremal_supermultiplicative,114,erdos_20/v13/lean/SunflowerLean/Erdos20GrowthRate.lean,public
SunflowerLean.Erdos20GrowthRate,theorem,Erdos20GrowthRate.uniformBound_iff_extremal_le,123,erdos_20/v13/lean/SunflowerLean/Erdos20GrowthRate.lean,public
SunflowerLean.Erdos20GrowthRate,theorem,Erdos20GrowthRate.logExtremal_nonneg,149,erdos_20/v13/lean/SunflowerLean/Erdos20GrowthRate.lean,public
SunflowerLean.Erdos20GrowthRate,theorem,Erdos20GrowthRate.normalizedLog_nonneg,154,erdos_20/v13/lean/SunflowerLean/Erdos20GrowthRate.lean,public
SunflowerLean.Erdos20GrowthRate,theorem,Erdos20GrowthRate.logExtremal_superadditive,158,erdos_20/v13/lean/SunflowerLean/Erdos20GrowthRate.lean,public
SunflowerLean.Erdos20GrowthRate,theorem,Erdos20GrowthRate.neg_logExtremal_subadditive,167,erdos_20/v13/lean/SunflowerLean/Erdos20GrowthRate.lean,public
SunflowerLean.Erdos20GrowthRate,theorem,Erdos20GrowthRate.normalizedLog_le_entropy,173,erdos_20/v13/lean/SunflowerLean/Erdos20GrowthRate.lean,public
SunflowerLean.Erdos20GrowthRate,theorem,Erdos20GrowthRate.entropy_le_iff,177,erdos_20/v13/lean/SunflowerLean/Erdos20GrowthRate.lean,public
SunflowerLean.Erdos20GrowthRate,theorem,Erdos20GrowthRate.entropy_nonneg,185,erdos_20/v13/lean/SunflowerLean/Erdos20GrowthRate.lean,public
SunflowerLean.Erdos20GrowthRate,theorem,Erdos20GrowthRate.real_bound_iff_normalizedLog_le,190,erdos_20/v13/lean/SunflowerLean/Erdos20GrowthRate.lean,public
SunflowerLean.Erdos20GrowthRate,theorem,Erdos20GrowthRate.finiteGrowth_iff_exists_uniformBound,219,erdos_20/v13/lean/SunflowerLean/Erdos20GrowthRate.lean,public
SunflowerLean.Erdos20GrowthRate,theorem,Erdos20GrowthRate.entropy_exact_real_bound,246,erdos_20/v13/lean/SunflowerLean/Erdos20GrowthRate.lean,public
SunflowerLean.Erdos20GrowthRate,theorem,Erdos20GrowthRate.entropy_le_log_iff_real_bound,251,erdos_20/v13/lean/SunflowerLean/Erdos20GrowthRate.lean,public
SunflowerLean.Erdos20GrowthRate,theorem,Erdos20GrowthRate.entropy_base_ge_sqrt_ten,256,erdos_20/v13/lean/SunflowerLean/Erdos20GrowthRate.lean,public
SunflowerLean.Erdos20GrowthRate,theorem,Erdos20GrowthRate.normalizedLog_tendsto_entropy,266,erdos_20/v13/lean/SunflowerLean/Erdos20GrowthRate.lean,public
SunflowerLean.Erdos20GrowthRate,theorem,Erdos20GrowthRate.rootRate_pow,303,erdos_20/v13/lean/SunflowerLean/Erdos20GrowthRate.lean,public
SunflowerLean.Erdos20GrowthRate,theorem,Erdos20GrowthRate.rootRate_tendsto,311,erdos_20/v13/lean/SunflowerLean/Erdos20GrowthRate.lean,public
SunflowerLean.Erdos20GrowthRate,theorem,Erdos20GrowthRate.eventually_normalizedLog_gt_of_witness,317,erdos_20/v13/lean/SunflowerLean/Erdos20GrowthRate.lean,public
SunflowerLean.Erdos20GrowthRate,theorem,Erdos20GrowthRate.below_sqrt_ten_eventual_extremal,326,erdos_20/v13/lean/SunflowerLean/Erdos20GrowthRate.lean,public
SunflowerLean.Erdos20GrowthRate,theorem,Erdos20GrowthRate.below_sqrt_ten_every_large_rank_witness,360,erdos_20/v13/lean/SunflowerLean/Erdos20GrowthRate.lean,public
SunflowerLean.Erdos20GrowthRate,theorem,Erdos20GrowthRate.below_sqrt_ten_prefactor_eventual_extremal,373,erdos_20/v13/lean/SunflowerLean/Erdos20GrowthRate.lean,public
SunflowerLean.Erdos20GrowthRate,theorem,Erdos20GrowthRate.below_sqrt_ten_prefactor_every_large_rank_witness,389,erdos_20/v13/lean/SunflowerLean/Erdos20GrowthRate.lean,public
SunflowerLean.Erdos20GrowthRate,theorem,Erdos20GrowthRate.normalizedLog_unbounded_tendsto_atTop,403,erdos_20/v13/lean/SunflowerLean/Erdos20GrowthRate.lean,public
SunflowerLean.Erdos20GrowthRate,theorem,Erdos20GrowthRate.rootRate_unbounded_tendsto_atTop,418,erdos_20/v13/lean/SunflowerLean/Erdos20GrowthRate.lean,public
SunflowerLean.Erdos20GrowthRate,theorem,Erdos20GrowthRate.entropy_base_le_iff_real_bound,424,erdos_20/v13/lean/SunflowerLean/Erdos20GrowthRate.lean,public
SunflowerLean.Erdos20GrowthRate,theorem,Erdos20GrowthRate.rootRate_limit_dichotomy,433,erdos_20/v13/lean/SunflowerLean/Erdos20GrowthRate.lean,public
SunflowerLean.Erdos20Incidence,theorem,Erdos20Incidence.incidence_sum_eq,10,erdos_20/v13/lean/SunflowerLean/Erdos20Incidence.lean,public
SunflowerLean.Erdos20Incidence,theorem,Erdos20Incidence.incidence_defect_lower_bound,30,erdos_20/v13/lean/SunflowerLean/Erdos20Incidence.lean,public
SunflowerLean.Erdos20Incidence,theorem,Erdos20Incidence.exists_matching_incidence_bound,71,erdos_20/v13/lean/SunflowerLean/Erdos20Incidence.lean,public
SunflowerLean.Erdos20Incidence,theorem,Erdos20Incidence.card_le_refined_step,95,erdos_20/v13/lean/SunflowerLean/Erdos20Incidence.lean,public
SunflowerLean.Erdos20Incidence,theorem,Erdos20Incidence.refinedBound_pos,115,erdos_20/v13/lean/SunflowerLean/Erdos20Incidence.lean,public
SunflowerLean.Erdos20Incidence,theorem,Erdos20Incidence.refined_sunflower_bound,125,erdos_20/v13/lean/SunflowerLean/Erdos20Incidence.lean,public
SunflowerLean.Erdos20Incidence,theorem,Erdos20Incidence.rank_two_three_petals_card_le_six,148,erdos_20/v13/lean/SunflowerLean/Erdos20Incidence.lean,public
SunflowerLean.Erdos20Incidence,theorem,Erdos20Incidence.twoTriangles_card,161,erdos_20/v13/lean/SunflowerLean/Erdos20Incidence.lean,public
SunflowerLean.Erdos20Incidence,theorem,Erdos20Incidence.twoTriangles_uniform,163,erdos_20/v13/lean/SunflowerLean/Erdos20Incidence.lean,public
SunflowerLean.Erdos20Incidence,theorem,Erdos20Incidence.twoTriangles_no_sunflower_triple,166,erdos_20/v13/lean/SunflowerLean/Erdos20Incidence.lean,private
SunflowerLean.Erdos20Incidence,theorem,Erdos20Incidence.twoTriangles_sunflower_free,171,erdos_20/v13/lean/SunflowerLean/Erdos20Incidence.lean,public
SunflowerLean.Erdos20Incidence,theorem,Erdos20Incidence.refinedBound_le_factorial,185,erdos_20/v13/lean/SunflowerLean/Erdos20Incidence.lean,public
SunflowerLean.Erdos20Incidence,theorem,Erdos20Incidence.critical_refined_obstruction,198,erdos_20/v13/lean/SunflowerLean/Erdos20Incidence.lean,public
SunflowerLean.Erdos20Incidence,theorem,Erdos20Incidence.three_petals_base_four_low_ranks,207,erdos_20/v13/lean/SunflowerLean/Erdos20Incidence.lean,public
SunflowerLean.Erdos20Incidence,theorem,Erdos20Incidence.base_four_critical_rank_ge_five,212,erdos_20/v13/lean/SunflowerLean/Erdos20Incidence.lean,public
SunflowerLean.Erdos20Incidence,theorem,Erdos20Incidence.critical_support_card_gt,223,erdos_20/v13/lean/SunflowerLean/Erdos20Incidence.lean,public
SunflowerLean.Erdos20IteratedLower,theorem,Erdos20IteratedLower.intersecting_substitution,13,erdos_20/v13/lean/SunflowerLean/Erdos20IteratedLower.lean,public
SunflowerLean.Erdos20IteratedLower,theorem,Erdos20IteratedLower.intersecting_witness_substitution,32,erdos_20/v13/lean/SunflowerLean/Erdos20IteratedLower.lean,public
SunflowerLean.Erdos20IteratedLower,theorem,Erdos20IteratedLower.singleton_intersecting_witness,48,erdos_20/v13/lean/SunflowerLean/Erdos20IteratedLower.lean,public
SunflowerLean.Erdos20IteratedLower,theorem,Erdos20IteratedLower.ten_intersecting_witness,59,erdos_20/v13/lean/SunflowerLean/Erdos20IteratedLower.lean,public
SunflowerLean.Erdos20IteratedLower,theorem,Erdos20IteratedLower.iterationExponent_twice_add_one,68,erdos_20/v13/lean/SunflowerLean/Erdos20IteratedLower.lean,public
SunflowerLean.Erdos20IteratedLower,theorem,Erdos20IteratedLower.iterationExponent_closed,76,erdos_20/v13/lean/SunflowerLean/Erdos20IteratedLower.lean,public
SunflowerLean.Erdos20IteratedLower,theorem,Erdos20IteratedLower.iterationExponent_ge,81,erdos_20/v13/lean/SunflowerLean/Erdos20IteratedLower.lean,public
SunflowerLean.Erdos20IteratedLower,theorem,Erdos20IteratedLower.iterated_intersecting_witness,89,erdos_20/v13/lean/SunflowerLean/Erdos20IteratedLower.lean,public
SunflowerLean.Erdos20IteratedLower,theorem,Erdos20IteratedLower.iterated_intersecting_closed_witness,97,erdos_20/v13/lean/SunflowerLean/Erdos20IteratedLower.lean,public
SunflowerLean.Erdos20IteratedLower,theorem,Erdos20IteratedLower.double_intersecting_witness,103,erdos_20/v13/lean/SunflowerLean/Erdos20IteratedLower.lean,public
SunflowerLean.Erdos20IteratedLower,theorem,Erdos20IteratedLower.iterated_double_witness,123,erdos_20/v13/lean/SunflowerLean/Erdos20IteratedLower.lean,public
SunflowerLean.Erdos20IteratedLower,theorem,Erdos20IteratedLower.iterated_bound_constraint,135,erdos_20/v13/lean/SunflowerLean/Erdos20IteratedLower.lean,public
SunflowerLean.Erdos20IteratedLower,theorem,Erdos20IteratedLower.iterated_real_bound_sq_ge_ten,145,erdos_20/v13/lean/SunflowerLean/Erdos20IteratedLower.lean,public
SunflowerLean.Erdos20IteratedLower,theorem,Erdos20IteratedLower.eventual_real_bound_sq_ge_ten,177,erdos_20/v13/lean/SunflowerLean/Erdos20IteratedLower.lean,public
SunflowerLean.Erdos20IteratedLower,theorem,Erdos20IteratedLower.eventual_real_bound_ge_sqrt_ten,181,erdos_20/v13/lean/SunflowerLean/Erdos20IteratedLower.lean,public
SunflowerLean.Erdos20IteratedLower,theorem,Erdos20IteratedLower.below_sqrt_ten_fails_eventually,187,erdos_20/v13/lean/SunflowerLean/Erdos20IteratedLower.lean,public
SunflowerLean.Erdos20IteratedLower,theorem,Erdos20IteratedLower.below_sqrt_ten_iterated_counterexample,194,erdos_20/v13/lean/SunflowerLean/Erdos20IteratedLower.lean,public
SunflowerLean.Erdos20IteratedLower,theorem,Erdos20IteratedLower.below_sqrt_ten_finite_counterexample,203,erdos_20/v13/lean/SunflowerLean/Erdos20IteratedLower.lean,public
SunflowerLean.Erdos20LocalStructure,theorem,Erdos20LocalStructure.mem_tensorFamily_iff,21,erdos_20/v13/lean/SunflowerLean/Erdos20LocalStructure.lean,public
SunflowerLean.Erdos20LocalStructure,theorem,Erdos20LocalStructure.card_tensorFamily,32,erdos_20/v13/lean/SunflowerLean/Erdos20LocalStructure.lean,public
SunflowerLean.Erdos20LocalStructure,theorem,Erdos20LocalStructure.uniform_tensorFamily,39,erdos_20/v13/lean/SunflowerLean/Erdos20LocalStructure.lean,public
SunflowerLean.Erdos20LocalStructure,theorem,Erdos20LocalStructure.sunflower_image_of_injective,49,erdos_20/v13/lean/SunflowerLean/Erdos20LocalStructure.lean,public
SunflowerLean.Erdos20LocalStructure,theorem,Erdos20LocalStructure.sunflower_projection_injective_or_constant,65,erdos_20/v13/lean/SunflowerLean/Erdos20LocalStructure.lean,public
SunflowerLean.Erdos20LocalStructure,theorem,Erdos20LocalStructure.sunflowerFree_tensorFamily,95,erdos_20/v13/lean/SunflowerLean/Erdos20LocalStructure.lean,public
SunflowerLean.Erdos20LocalStructure,theorem,Erdos20LocalStructure.tensor_witness,137,erdos_20/v13/lean/SunflowerLean/Erdos20LocalStructure.lean,public
SunflowerLean.Erdos20LocalStructure,theorem,Erdos20LocalStructure.rank_zero_witness,148,erdos_20/v13/lean/SunflowerLean/Erdos20LocalStructure.lean,public
SunflowerLean.Erdos20LocalStructure,theorem,Erdos20LocalStructure.tensor_power_witness,159,erdos_20/v13/lean/SunflowerLean/Erdos20LocalStructure.lean,public
SunflowerLean.Erdos20LocalStructure,theorem,Erdos20LocalStructure.cycle_five_power_witness,169,erdos_20/v13/lean/SunflowerLean/Erdos20LocalStructure.lean,public
SunflowerLean.Erdos20LocalStructure,theorem,Erdos20LocalStructure.uniformBound_of_eventual,184,erdos_20/v13/lean/SunflowerLean/Erdos20LocalStructure.lean,public
SunflowerLean.Erdos20LocalStructure,theorem,Erdos20LocalStructure.uniformBound_iff_eventual,212,erdos_20/v13/lean/SunflowerLean/Erdos20LocalStructure.lean,public
SunflowerLean.Erdos20LocalStructure,theorem,Erdos20LocalStructure.uniformBound_of_prefactor,226,erdos_20/v13/lean/SunflowerLean/Erdos20LocalStructure.lean,public
SunflowerLean.Erdos20LocalStructure,theorem,Erdos20LocalStructure.uniformBound_iff_exists_prefactor,250,erdos_20/v13/lean/SunflowerLean/Erdos20LocalStructure.lean,public
SunflowerLean.Erdos20LocalStructure,theorem,Erdos20LocalStructure.nonuniform_tensor_failure,263,erdos_20/v13/lean/SunflowerLean/Erdos20LocalStructure.lean,public
SunflowerLean.Erdos20MeetingFiftySix,theorem,Erdos20MeetingFiftySix.aggregate_saturation,11,erdos_20/v13/lean/SunflowerLean/Erdos20MeetingFiftySix.lean,private
SunflowerLean.Erdos20MeetingFiftySix,theorem,Erdos20MeetingFiftySix.four_equal_of_bounded_sum,15,erdos_20/v13/lean/SunflowerLean/Erdos20MeetingFiftySix.lean,private
SunflowerLean.Erdos20MeetingFiftySix,theorem,Erdos20MeetingFiftySix.fifty_seven_saturated_profile,21,erdos_20/v13/lean/SunflowerLean/Erdos20MeetingFiftySix.lean,public
SunflowerLean.Erdos20MeetingFiftySix,theorem,Erdos20MeetingFiftySix.complementary_point_link_design,154,erdos_20/v13/lean/SunflowerLean/Erdos20MeetingFiftySix.lean,public
SunflowerLean.Erdos20MeetingFiftySix,theorem,Erdos20MeetingFiftySix.member_residue_mem_complementary_link,183,erdos_20/v13/lean/SunflowerLean/Erdos20MeetingFiftySix.lean,public
SunflowerLean.Erdos20MeetingFiftySix,theorem,Erdos20MeetingFiftySix.triple_trace_has_outside_extension,196,erdos_20/v13/lean/SunflowerLean/Erdos20MeetingFiftySix.lean,public
SunflowerLean.Erdos20MeetingFiftySix,theorem,Erdos20MeetingFiftySix.four_set_has_third_point,222,erdos_20/v13/lean/SunflowerLean/Erdos20MeetingFiftySix.lean,public
SunflowerLean.Erdos20MeetingFiftySix,theorem,Erdos20MeetingFiftySix.anchor_mem_complementary_link,238,erdos_20/v13/lean/SunflowerLean/Erdos20MeetingFiftySix.lean,public
SunflowerLean.Erdos20MeetingFiftySix,theorem,Erdos20MeetingFiftySix.extension_mem_complementary_link,247,erdos_20/v13/lean/SunflowerLean/Erdos20MeetingFiftySix.lean,public
SunflowerLean.Erdos20MeetingFiftySix,theorem,Erdos20MeetingFiftySix.no_saturated_anchor_profile,265,erdos_20/v13/lean/SunflowerLean/Erdos20MeetingFiftySix.lean,public
SunflowerLean.Erdos20MeetingFiftySix,theorem,Erdos20MeetingFiftySix.all_meeting_anchor_card_le_fifty_six,353,erdos_20/v13/lean/SunflowerLean/Erdos20MeetingFiftySix.lean,public
SunflowerLean.Erdos20MeetingFiftySix,theorem,Erdos20MeetingFiftySix.meeting_neighborhood_card_le_fifty_six,364,erdos_20/v13/lean/SunflowerLean/Erdos20MeetingFiftySix.lean,public
SunflowerLean.Erdos20MixedCross,theorem,Erdos20MixedCross.triple_pair_degree_le_two,9,erdos_20/v13/lean/SunflowerLean/Erdos20MixedCross.lean,public
SunflowerLean.Erdos20MixedCross,theorem,Erdos20MixedCross.triples_cross_two_edges_card_le_eight,19,erdos_20/v13/lean/SunflowerLean/Erdos20MixedCross.lean,public
SunflowerLean.Erdos20MixedCross,theorem,Erdos20MixedCross.triples_cross_triangle_card_le_six,65,erdos_20/v13/lean/SunflowerLean/Erdos20MixedCross.lean,public
SunflowerLean.Erdos20MixedCross,theorem,Erdos20MixedCross.intersecting_triples_cross_edges_weighted,96,erdos_20/v13/lean/SunflowerLean/Erdos20MixedCross.lean,public
SunflowerLean.Erdos20NextFrontier,theorem,Erdos20NextFrontier.refined_three_petals_values,16,erdos_20/v13/lean/SunflowerLean/Erdos20NextFrontier.lean,public
SunflowerLean.Erdos20NextFrontier,theorem,Erdos20NextFrontier.six_power_witness,22,erdos_20/v13/lean/SunflowerLean/Erdos20NextFrontier.lean,public
SunflowerLean.Erdos20NextFrontier,theorem,Erdos20NextFrontier.finite_check_base_four_low_ranks,30,erdos_20/v13/lean/SunflowerLean/Erdos20NextFrontier.lean,public
SunflowerLean.Erdos20NextFrontier,theorem,Erdos20NextFrontier.uniformBound_iff_eventual_checks,40,erdos_20/v13/lean/SunflowerLean/Erdos20NextFrontier.lean,public
SunflowerLean.Erdos20NextFrontier,theorem,Erdos20NextFrontier.some_base_iff_eventual_checks,54,erdos_20/v13/lean/SunflowerLean/Erdos20NextFrontier.lean,public
SunflowerLean.Erdos20NextFrontier,theorem,Erdos20NextFrontier.critical_support_window,64,erdos_20/v13/lean/SunflowerLean/Erdos20NextFrontier.lean,public
SunflowerLean.Erdos20NextFrontier,theorem,Erdos20NextFrontier.base_four_failure_finite_normal_form,82,erdos_20/v13/lean/SunflowerLean/Erdos20NextFrontier.lean,public
SunflowerLean.Erdos20NextFrontier,theorem,Erdos20NextFrontier.uniformBound_of_eventual_prefactor,98,erdos_20/v13/lean/SunflowerLean/Erdos20NextFrontier.lean,public
SunflowerLean.Erdos20NextFrontier,theorem,Erdos20NextFrontier.uniformBound_iff_eventual_prefactor,135,erdos_20/v13/lean/SunflowerLean/Erdos20NextFrontier.lean,public
SunflowerLean.Erdos20Obstructions,theorem,Erdos20Obstructions.cycleFive_card,15,erdos_20/v13/lean/SunflowerLean/Erdos20Obstructions.lean,public
SunflowerLean.Erdos20Obstructions,theorem,Erdos20Obstructions.cycleFive_uniform,17,erdos_20/v13/lean/SunflowerLean/Erdos20Obstructions.lean,public
SunflowerLean.Erdos20Obstructions,theorem,Erdos20Obstructions.cycleFive_strict_spread,19,erdos_20/v13/lean/SunflowerLean/Erdos20Obstructions.lean,public
SunflowerLean.Erdos20Obstructions,theorem,Erdos20Obstructions.cycleFive_spread,24,erdos_20/v13/lean/SunflowerLean/Erdos20Obstructions.lean,public
SunflowerLean.Erdos20Obstructions,theorem,Erdos20Obstructions.cycleFive_no_sunflower_triple,35,erdos_20/v13/lean/SunflowerLean/Erdos20Obstructions.lean,private
SunflowerLean.Erdos20Obstructions,theorem,Erdos20Obstructions.cycleFive_sunflower_free,40,erdos_20/v13/lean/SunflowerLean/Erdos20Obstructions.lean,public
SunflowerLean.Erdos20Obstructions,theorem,Erdos20Obstructions.not_uniformExtremalBound_two_three,53,erdos_20/v13/lean/SunflowerLean/Erdos20Obstructions.lean,public
SunflowerLean.Erdos20Obstructions,theorem,Erdos20Obstructions.not_directSpreadMatching_two_three,60,erdos_20/v13/lean/SunflowerLean/Erdos20Obstructions.lean,public
SunflowerLean.Erdos20Obstructions,theorem,Erdos20Obstructions.matching_size_times_rank_le_ground,70,erdos_20/v13/lean/SunflowerLean/Erdos20Obstructions.lean,public
SunflowerLean.Erdos20Obstructions,theorem,Erdos20Obstructions.completeFive_card,87,erdos_20/v13/lean/SunflowerLean/Erdos20Obstructions.lean,public
SunflowerLean.Erdos20Obstructions,theorem,Erdos20Obstructions.completeFive_uniform,89,erdos_20/v13/lean/SunflowerLean/Erdos20Obstructions.lean,public
SunflowerLean.Erdos20Obstructions,theorem,Erdos20Obstructions.completeFive_strict_spread,93,erdos_20/v13/lean/SunflowerLean/Erdos20Obstructions.lean,public
SunflowerLean.Erdos20Obstructions,theorem,Erdos20Obstructions.completeFive_has_no_three_matching,98,erdos_20/v13/lean/SunflowerLean/Erdos20Obstructions.lean,public
SunflowerLean.Erdos20Obstructions,theorem,Erdos20Obstructions.completeFive_has_sunflower,110,erdos_20/v13/lean/SunflowerLean/Erdos20Obstructions.lean,public
SunflowerLean.Erdos20RankFour,theorem,Erdos20RankFour.singleton_trace_card_le_ten,11,erdos_20/v13/lean/SunflowerLean/Erdos20RankFour.lean,public
SunflowerLean.Erdos20RankFour,theorem,Erdos20RankFour.rank_four_degree_le_twenty,30,erdos_20/v13/lean/SunflowerLean/Erdos20RankFour.lean,public
SunflowerLean.Erdos20RankFour,theorem,Erdos20RankFour.singleton_intersection_card_le_forty,40,erdos_20/v13/lean/SunflowerLean/Erdos20RankFour.lean,public
SunflowerLean.Erdos20RankFour,theorem,Erdos20RankFour.meeting_incidence_singleton_defect,62,erdos_20/v13/lean/SunflowerLean/Erdos20RankFour.lean,public
SunflowerLean.Erdos20RankFour,theorem,Erdos20RankFour.meeting_neighborhood_card_le_fifty_nine,88,erdos_20/v13/lean/SunflowerLean/Erdos20RankFour.lean,public
SunflowerLean.Erdos20RankFour,theorem,Erdos20RankFour.exact_trace_residual_intersecting,110,erdos_20/v13/lean/SunflowerLean/Erdos20RankFour.lean,public
SunflowerLean.Erdos20RankFour,theorem,Erdos20RankFour.disjoint_traces_residual_cross_intersect,130,erdos_20/v13/lean/SunflowerLean/Erdos20RankFour.lean,public
SunflowerLean.Erdos20RankFour,theorem,Erdos20RankFour.triple_trace_card_le_one,154,erdos_20/v13/lean/SunflowerLean/Erdos20RankFour.lean,public
SunflowerLean.Erdos20RankFour,theorem,Erdos20RankFour.singleton_triple_trace_weighted_le_ten,177,erdos_20/v13/lean/SunflowerLean/Erdos20RankFour.lean,public
SunflowerLean.Erdos20RankFour,theorem,Erdos20RankFour.card_eq_sum_exact_traces,215,erdos_20/v13/lean/SunflowerLean/Erdos20RankFour.lean,public
SunflowerLean.Erdos20RankFour,theorem,Erdos20RankFour.empty_trace_card_eq_zero,223,erdos_20/v13/lean/SunflowerLean/Erdos20RankFour.lean,public
SunflowerLean.Erdos20RankFour,theorem,Erdos20RankFour.full_trace_card_eq_one,236,erdos_20/v13/lean/SunflowerLean/Erdos20RankFour.lean,public
SunflowerLean.Erdos20RankFour,theorem,Erdos20RankFour.sum_powerset_four,252,erdos_20/v13/lean/SunflowerLean/Erdos20RankFour.lean,public
SunflowerLean.Erdos20RankFour,theorem,Erdos20RankFour.singleton_pair_trace_weighted_le_twelve,269,erdos_20/v13/lean/SunflowerLean/Erdos20RankFour.lean,public
SunflowerLean.Erdos20RankFour,theorem,Erdos20RankFour.intersecting_rank_four_card_le_forty_seven,291,erdos_20/v13/lean/SunflowerLean/Erdos20RankFour.lean,public
SunflowerLean.Erdos20RankFour,theorem,Erdos20RankFour.rank_four_disjointnessGraph_degree_eq,333,erdos_20/v13/lean/SunflowerLean/Erdos20RankFour.lean,public
SunflowerLean.Erdos20RankFour,theorem,Erdos20RankFour.rank_four_card_le_ninety_four_of_two_colorable,357,erdos_20/v13/lean/SunflowerLean/Erdos20RankFour.lean,public
SunflowerLean.Erdos20RankFour,theorem,Erdos20RankFour.rank_four_card_le_ninety_eight,405,erdos_20/v13/lean/SunflowerLean/Erdos20RankFour.lean,public
SunflowerLean.Erdos20RankFourPropagation,theorem,Erdos20RankFourPropagation.rankFourBound_pos,15,erdos_20/v13/lean/SunflowerLean/Erdos20RankFourPropagation.lean,public
SunflowerLean.Erdos20RankFourPropagation,theorem,Erdos20RankFourPropagation.propagated_rank_four_bound,24,erdos_20/v13/lean/SunflowerLean/Erdos20RankFourPropagation.lean,public
SunflowerLean.Erdos20RankFourPropagation,theorem,Erdos20RankFourPropagation.rankFourBound_values,42,erdos_20/v13/lean/SunflowerLean/Erdos20RankFourPropagation.lean,public
SunflowerLean.Erdos20RankFourPropagation,theorem,Erdos20RankFourPropagation.rankFourBound_lt_previous,47,erdos_20/v13/lean/SunflowerLean/Erdos20RankFourPropagation.lean,public
SunflowerLean.Erdos20RankFourPropagation,theorem,Erdos20RankFourPropagation.rank_at_most_five_base_four,60,erdos_20/v13/lean/SunflowerLean/Erdos20RankFourPropagation.lean,public
SunflowerLean.Erdos20RankFourPropagation,theorem,Erdos20RankFourPropagation.base_four_violating_rank_ge_six,78,erdos_20/v13/lean/SunflowerLean/Erdos20RankFourPropagation.lean,public
SunflowerLean.Erdos20RankFourPropagation,theorem,Erdos20RankFourPropagation.rank_at_most_six_base_five,87,erdos_20/v13/lean/SunflowerLean/Erdos20RankFourPropagation.lean,public
SunflowerLean.Erdos20RankFourPropagation,theorem,Erdos20RankFourPropagation.base_five_violating_rank_ge_seven,101,erdos_20/v13/lean/SunflowerLean/Erdos20RankFourPropagation.lean,public
SunflowerLean.Erdos20RankFourRefined,theorem,Erdos20RankFourRefined.intersecting_triples_cross_edge_card_le_nine,11,erdos_20/v13/lean/SunflowerLean/Erdos20RankFourRefined.lean,public
SunflowerLean.Erdos20RankFourRefined,theorem,Erdos20RankFourRefined.intersecting_triples_cross_two_edges_card_le_seven,25,erdos_20/v13/lean/SunflowerLean/Erdos20RankFourRefined.lean,public
SunflowerLean.Erdos20RankFourRefined,theorem,Erdos20RankFourRefined.intersecting_triples_cross_edges_weighted_twenty_one,75,erdos_20/v13/lean/SunflowerLean/Erdos20RankFourRefined.lean,public
SunflowerLean.Erdos20RankFourRefined,theorem,Erdos20RankFourRefined.common_point_triples_cross_three_edges_card_le_four,104,erdos_20/v13/lean/SunflowerLean/Erdos20RankFourRefined.lean,public
SunflowerLean.Erdos20RankFourRefined,theorem,Erdos20RankFourRefined.common_point_triples_cross_edges_weighted_eighteen,146,erdos_20/v13/lean/SunflowerLean/Erdos20RankFourRefined.lean,public
SunflowerLean.Erdos20RankFourRefined,theorem,Erdos20RankFourRefined.singleton_pair_triple_trace_weighted_le_twenty_one,165,erdos_20/v13/lean/SunflowerLean/Erdos20RankFourRefined.lean,public
SunflowerLean.Erdos20RankFourRefined,theorem,Erdos20RankFourRefined.intersecting_rank_four_card_le_forty_three,217,erdos_20/v13/lean/SunflowerLean/Erdos20RankFourRefined.lean,public
SunflowerLean.Erdos20RankFourRefined,theorem,Erdos20RankFourRefined.degree_eq_sum_exact_traces,256,erdos_20/v13/lean/SunflowerLean/Erdos20RankFourRefined.lean,public
SunflowerLean.Erdos20RankFourRefined,theorem,Erdos20RankFourRefined.pair_trace_card_le_three,285,erdos_20/v13/lean/SunflowerLean/Erdos20RankFourRefined.lean,public
SunflowerLean.Erdos20RankFourRefined,theorem,Erdos20RankFourRefined.saturated_twelve,296,erdos_20/v13/lean/SunflowerLean/Erdos20RankFourRefined.lean,private
SunflowerLean.Erdos20RankFourRefined,theorem,Erdos20RankFourRefined.forty_three_member_degree_pattern,306,erdos_20/v13/lean/SunflowerLean/Erdos20RankFourRefined.lean,public
SunflowerLean.Erdos20RankFourRefined,theorem,Erdos20RankFourRefined.intersecting_rank_four_card_le_forty_two,376,erdos_20/v13/lean/SunflowerLean/Erdos20RankFourRefined.lean,public
SunflowerLean.Erdos20RankFourRefined,theorem,Erdos20RankFourRefined.rank_four_card_le_eighty_four_of_two_colorable,403,erdos_20/v13/lean/SunflowerLean/Erdos20RankFourRefined.lean,public
SunflowerLean.Erdos20RankFourWitness,theorem,Erdos20RankFourWitness.triangle_intersecting_witness,8,erdos_20/v13/lean/SunflowerLean/Erdos20RankFourWitness.lean,public
SunflowerLean.Erdos20RankFourWitness,theorem,Erdos20RankFourWitness.twenty_seven_intersecting_witness,13,erdos_20/v13/lean/SunflowerLean/Erdos20RankFourWitness.lean,public
SunflowerLean.Erdos20RankFourWitness,theorem,Erdos20RankFourWitness.fifty_four_witness,17,erdos_20/v13/lean/SunflowerLean/Erdos20RankFourWitness.lean,public
SunflowerLean.Erdos20RankFourWitness,theorem,Erdos20RankFourWitness.mixed_rank_witness,21,erdos_20/v13/lean/SunflowerLean/Erdos20RankFourWitness.lean,public
SunflowerLean.Erdos20RankThree,theorem,Erdos20RankThree.sunflower_three_of_intersections,15,erdos_20/v13/lean/SunflowerLean/Erdos20RankThree.lean,public
SunflowerLean.Erdos20RankThree,theorem,Erdos20RankThree.exact_trace_residuals_intersect,35,erdos_20/v13/lean/SunflowerLean/Erdos20RankThree.lean,public
SunflowerLean.Erdos20RankThree,theorem,Erdos20RankThree.exact_trace_upperStar,68,erdos_20/v13/lean/SunflowerLean/Erdos20RankThree.lean,public
SunflowerLean.Erdos20RankThree,theorem,Erdos20RankThree.exact_trace_card_residual,78,erdos_20/v13/lean/SunflowerLean/Erdos20RankThree.lean,public
SunflowerLean.Erdos20RankThree,theorem,Erdos20RankThree.exact_trace_residual_free,84,erdos_20/v13/lean/SunflowerLean/Erdos20RankThree.lean,public
SunflowerLean.Erdos20RankThree,theorem,Erdos20RankThree.singleton_trace_card_le_three,95,erdos_20/v13/lean/SunflowerLean/Erdos20RankThree.lean,public
SunflowerLean.Erdos20RankThree,theorem,Erdos20RankThree.pair_trace_card_le_one,114,erdos_20/v13/lean/SunflowerLean/Erdos20RankThree.lean,public
SunflowerLean.Erdos20RankThree,theorem,Erdos20RankThree.full_trace_card_le_one,137,erdos_20/v13/lean/SunflowerLean/Erdos20RankThree.lean,public
SunflowerLean.Erdos20RankThree,theorem,Erdos20RankThree.meeting_neighborhood_card_le_thirteen,150,erdos_20/v13/lean/SunflowerLean/Erdos20RankThree.lean,public
SunflowerLean.Erdos20RankThree,theorem,Erdos20RankThree.opposite_traces_sum_le_three,189,erdos_20/v13/lean/SunflowerLean/Erdos20RankThree.lean,public
SunflowerLean.Erdos20RankThree,theorem,Erdos20RankThree.nonempty_proper_subset_triple,241,erdos_20/v13/lean/SunflowerLean/Erdos20RankThree.lean,public
SunflowerLean.Erdos20RankThree,theorem,Erdos20RankThree.anchor_trace_cover,272,erdos_20/v13/lean/SunflowerLean/Erdos20RankThree.lean,public
SunflowerLean.Erdos20RankThree,theorem,Erdos20RankThree.intersecting_rank_three_card_le_ten,292,erdos_20/v13/lean/SunflowerLean/Erdos20RankThree.lean,public
SunflowerLean.Erdos20RankThree,theorem,Erdos20RankThree.disjoint_anchor_family_intersecting,313,erdos_20/v13/lean/SunflowerLean/Erdos20RankThree.lean,public
SunflowerLean.Erdos20RankThree,theorem,Erdos20RankThree.rank_three_three_petals_card_le_twenty_three,335,erdos_20/v13/lean/SunflowerLean/Erdos20RankThree.lean,public
SunflowerLean.Erdos20RankThreeEven,theorem,Erdos20RankThreeEven.disjoint_anchor_card_le_ten,8,erdos_20/v13/lean/SunflowerLean/Erdos20RankThreeEven.lean,public
SunflowerLean.Erdos20RankThreeEven,theorem,Erdos20RankThreeEven.rank_three_card_le_degree_add_seventeen,23,erdos_20/v13/lean/SunflowerLean/Erdos20RankThreeEven.lean,public
SunflowerLean.Erdos20RankThreeEven,theorem,Erdos20RankThreeEven.rank_three_degree_le_six,77,erdos_20/v13/lean/SunflowerLean/Erdos20RankThreeEven.lean,public
SunflowerLean.Erdos20RankThreeEven,theorem,Erdos20RankThreeEven.rank_three_card_twenty_three_degree_six,88,erdos_20/v13/lean/SunflowerLean/Erdos20RankThreeEven.lean,public
SunflowerLean.Erdos20RankThreeEven,theorem,Erdos20RankThreeEven.rank_three_three_petals_card_le_twenty_two,100,erdos_20/v13/lean/SunflowerLean/Erdos20RankThreeEven.lean,public
SunflowerLean.Erdos20Research,lemma,Erdos20Research.mem_extensionStar_iff,31,erdos_20/v13/lean/SunflowerLean/Erdos20Research.lean,public
SunflowerLean.Erdos20Research,lemma,Erdos20Research.inter_eq_core_of_codim_one,37,erdos_20/v13/lean/SunflowerLean/Erdos20Research.lean,public
SunflowerLean.Erdos20Research,theorem,Erdos20Research.extensionStar_isSunflower,63,erdos_20/v13/lean/SunflowerLean/Erdos20Research.lean,public
SunflowerLean.Erdos20Research,theorem,Erdos20Research.extensionStar_card_lt,77,erdos_20/v13/lean/SunflowerLean/Erdos20Research.lean,public
SunflowerLean.Erdos20Research,theorem,Erdos20Research.extensionStar_card_le_pred,100,erdos_20/v13/lean/SunflowerLean/Erdos20Research.lean,public
SunflowerLean.Erdos20Research,lemma,Erdos20Research.mem_lowerShadow_iff,114,erdos_20/v13/lean/SunflowerLean/Erdos20Research.lean,public
SunflowerLean.Erdos20Research,theorem,Erdos20Research.lowerShadow_extension_degree_le,122,erdos_20/v13/lean/SunflowerLean/Erdos20Research.lean,public
SunflowerLean.Erdos20Research,lemma,Erdos20Research.card_filter_eq_sum_ite,133,erdos_20/v13/lean/SunflowerLean/Erdos20Research.lean,public
SunflowerLean.Erdos20Research,lemma,Erdos20Research.incidence_swap,139,erdos_20/v13/lean/SunflowerLean/Erdos20Research.lean,public
SunflowerLean.Erdos20Research,lemma,Erdos20Research.incidence_left_count,150,erdos_20/v13/lean/SunflowerLean/Erdos20Research.lean,public
SunflowerLean.Erdos20Research,theorem,Erdos20Research.incidence_inequality,186,erdos_20/v13/lean/SunflowerLean/Erdos20Research.lean,public
SunflowerLean.Erdos20Research,theorem,Erdos20Research.sunflowerFree_shadow_inequality,206,erdos_20/v13/lean/SunflowerLean/Erdos20Research.lean,public
SunflowerLean.Erdos20Research,theorem,Erdos20Research.final_shifted_set_has_no_original_one_step_source,249,erdos_20/v13/lean/SunflowerLean/Erdos20Research.lean,public
SunflowerLean.Erdos20SaturatedMeeting,theorem,Erdos20SaturatedMeeting.trace_subcore_residual_card,10,erdos_20/v13/lean/SunflowerLean/Erdos20SaturatedMeeting.lean,public
SunflowerLean.Erdos20SaturatedMeeting,theorem,Erdos20SaturatedMeeting.pair_trace_card_le_complement_singleton,22,erdos_20/v13/lean/SunflowerLean/Erdos20SaturatedMeeting.lean,public
SunflowerLean.Erdos20SaturatedMeeting,theorem,Erdos20SaturatedMeeting.saturated_singleton_incident_pair_sum_le_six,61,erdos_20/v13/lean/SunflowerLean/Erdos20SaturatedMeeting.lean,public
SunflowerLean.Erdos20SaturatedMeeting,theorem,Erdos20SaturatedMeeting.rank_four_pair_trace_card_le_three,113,erdos_20/v13/lean/SunflowerLean/Erdos20SaturatedMeeting.lean,public
SunflowerLean.Erdos20SaturatedMeeting,theorem,Erdos20SaturatedMeeting.singleton_incident_pairs_weighted_le_thirty_six,124,erdos_20/v13/lean/SunflowerLean/Erdos20SaturatedMeeting.lean,public
SunflowerLean.Erdos20SaturatedMeeting,theorem,Erdos20SaturatedMeeting.incidence_eq_sum_weighted_exact_traces,143,erdos_20/v13/lean/SunflowerLean/Erdos20SaturatedMeeting.lean,public
SunflowerLean.Erdos20SaturatedMeeting,theorem,Erdos20SaturatedMeeting.all_meeting_anchor_card_le_fifty_seven,164,erdos_20/v13/lean/SunflowerLean/Erdos20SaturatedMeeting.lean,public
SunflowerLean.Erdos20SaturatedMeeting,theorem,Erdos20SaturatedMeeting.meeting_neighborhood_card_le_fifty_seven,220,erdos_20/v13/lean/SunflowerLean/Erdos20SaturatedMeeting.lean,public
SunflowerLean.Erdos20SeededBounds,theorem,Erdos20SeededBounds.seededBound_pos,14,erdos_20/v13/lean/SunflowerLean/Erdos20SeededBounds.lean,public
SunflowerLean.Erdos20SeededBounds,theorem,Erdos20SeededBounds.seeded_sunflower_bound,24,erdos_20/v13/lean/SunflowerLean/Erdos20SeededBounds.lean,public
SunflowerLean.Erdos20SeededBounds,theorem,Erdos20SeededBounds.triple_trace_seed_bound,44,erdos_20/v13/lean/SunflowerLean/Erdos20SeededBounds.lean,public
SunflowerLean.Erdos20SeededBounds,theorem,Erdos20SeededBounds.seeded_bound_values,52,erdos_20/v13/lean/SunflowerLean/Erdos20SeededBounds.lean,public
SunflowerLean.Erdos20SeededBounds,theorem,Erdos20SeededBounds.parity_seed_bound,57,erdos_20/v13/lean/SunflowerLean/Erdos20SeededBounds.lean,public
SunflowerLean.Erdos20SeededBounds,theorem,Erdos20SeededBounds.parity_seed_values,65,erdos_20/v13/lean/SunflowerLean/Erdos20SeededBounds.lean,public
SunflowerLean.Erdos20SharpTriples,theorem,Erdos20SharpTriples.rank_three_card_le_degree_disjoint_add_seven,10,erdos_20/v13/lean/SunflowerLean/Erdos20SharpTriples.lean,public
SunflowerLean.Erdos20SharpTriples,theorem,Erdos20SharpTriples.disjointnessGraph_triangle_free,77,erdos_20/v13/lean/SunflowerLean/Erdos20SharpTriples.lean,public
SunflowerLean.Erdos20SharpTriples,theorem,Erdos20SharpTriples.disjointnessGraph_degree_eq,97,erdos_20/v13/lean/SunflowerLean/Erdos20SharpTriples.lean,public
SunflowerLean.Erdos20SharpTriples,theorem,Erdos20SharpTriples.disjointnessGraph_degree_add_thirteen_ge,121,erdos_20/v13/lean/SunflowerLean/Erdos20SharpTriples.lean,public
SunflowerLean.Erdos20SharpTriples,theorem,Erdos20SharpTriples.card_le_twenty_of_disjointnessGraph_two_colorable,134,erdos_20/v13/lean/SunflowerLean/Erdos20SharpTriples.lean,public
SunflowerLean.Erdos20SharpTriples,theorem,Erdos20SharpTriples.rank_three_three_petals_card_le_twenty_one,183,erdos_20/v13/lean/SunflowerLean/Erdos20SharpTriples.lean,public
SunflowerLean.Erdos20SharpTriples,theorem,Erdos20SharpTriples.rank_three_card_le_twenty_of_each_member_low_degree,208,erdos_20/v13/lean/SunflowerLean/Erdos20SharpTriples.lean,public
SunflowerLean.Erdos20SharpTriples,theorem,Erdos20SharpTriples.card_twenty_one_exists_all_degree_six_member,236,erdos_20/v13/lean/SunflowerLean/Erdos20SharpTriples.lean,public
SunflowerLean.Erdos20SharpTriples,theorem,Erdos20SharpTriples.tetrahedron_meeting_card_le_sixteen,254,erdos_20/v13/lean/SunflowerLean/Erdos20SharpTriples.lean,public
SunflowerLean.Erdos20SharpTriples,theorem,Erdos20SharpTriples.card_le_nineteen_of_tetrahedron_disjoint_card_le_three,291,erdos_20/v13/lean/SunflowerLean/Erdos20SharpTriples.lean,public
SunflowerLean.Erdos20SharpTriples,theorem,Erdos20SharpTriples.triangle_pair_cover_card_le_three,304,erdos_20/v13/lean/SunflowerLean/Erdos20SharpTriples.lean,public
SunflowerLean.Erdos20SharpTriples,theorem,Erdos20SharpTriples.contains_pair_of_meets_every_pair_of_triple,341,erdos_20/v13/lean/SunflowerLean/Erdos20SharpTriples.lean,public
SunflowerLean.Erdos20SharpTriples,theorem,Erdos20SharpTriples.tetrahedron_faces_subset_of_four_members,361,erdos_20/v13/lean/SunflowerLean/Erdos20SharpTriples.lean,public
SunflowerLean.Erdos20SharpTwenty,theorem,Erdos20SharpTwenty.card_le_nineteen_of_two_degree_six_vertices,9,erdos_20/v13/lean/SunflowerLean/Erdos20SharpTwenty.lean,public
SunflowerLean.Erdos20SharpTwenty,theorem,Erdos20SharpTwenty.rank_three_three_petals_card_le_twenty,27,erdos_20/v13/lean/SunflowerLean/Erdos20SharpTwenty.lean,public
SunflowerLean.Erdos20SharpTwenty,theorem,Erdos20SharpTwenty.twenty_members_no_two_degree_six_in_member,42,erdos_20/v13/lean/SunflowerLean/Erdos20SharpTwenty.lean,public
SunflowerLean.Erdos20SpreadPacking,theorem,Erdos20SpreadPacking.strict_singleton_transversal_card_gt,16,erdos_20/v13/lean/SunflowerLean/Erdos20SpreadPacking.lean,public
SunflowerLean.Erdos20SpreadPacking,theorem,Erdos20SpreadPacking.exists_maximum_matching,47,erdos_20/v13/lean/SunflowerLean/Erdos20SpreadPacking.lean,public
SunflowerLean.Erdos20SpreadPacking,theorem,Erdos20SpreadPacking.maximum_matching_union_transversal,64,erdos_20/v13/lean/SunflowerLean/Erdos20SpreadPacking.lean,public
SunflowerLean.Erdos20SpreadPacking,theorem,Erdos20SpreadPacking.maximum_matching_rank_lower_bound,103,erdos_20/v13/lean/SunflowerLean/Erdos20SpreadPacking.lean,public
SunflowerLean.Erdos20SpreadPacking,theorem,Erdos20SpreadPacking.matching_of_strict_singleton_spread,128,erdos_20/v13/lean/SunflowerLean/Erdos20SpreadPacking.lean,public
SunflowerLean.Erdos20SpreadPacking,theorem,Erdos20SpreadPacking.matching_of_strictSpread_low_rank,151,erdos_20/v13/lean/SunflowerLean/Erdos20SpreadPacking.lean,public
SunflowerLean.Erdos20SpreadPacking,theorem,Erdos20SpreadPacking.matching_of_strictSpread_floor_bound,165,erdos_20/v13/lean/SunflowerLean/Erdos20SpreadPacking.lean,public
SunflowerLean.Erdos20SpreadPacking,theorem,Erdos20SpreadPacking.strictSpreadSunflowerTail_iff_uniformBound,184,erdos_20/v13/lean/SunflowerLean/Erdos20SpreadPacking.lean,public
SunflowerLean.Erdos20StrictCore,lemma,Erdos20StrictCore.strictSpread_implies_spread,25,erdos_20/v13/lean/SunflowerLean/Erdos20StrictCore.lean,public
SunflowerLean.Erdos20StrictCore,theorem,Erdos20StrictCore.maximal_dense_core_residual_isStrictSpread,38,erdos_20/v13/lean/SunflowerLean/Erdos20StrictCore.lean,public
SunflowerLean.Erdos20StrictCore,theorem,Erdos20StrictCore.strictSpread_card_gt_pow,106,erdos_20/v13/lean/SunflowerLean/Erdos20StrictCore.lean,public
SunflowerLean.Erdos20StrictCore,theorem,Erdos20StrictCore.directSpreadMatching_implies_strictSpreadMatching,139,erdos_20/v13/lean/SunflowerLean/Erdos20StrictCore.lean,public
SunflowerLean.Erdos20StrictCore,theorem,Erdos20StrictCore.card_le_pow_of_strictSpreadMatching,148,erdos_20/v13/lean/SunflowerLean/Erdos20StrictCore.lean,public
SunflowerLean.Erdos20StrictCore,theorem,Erdos20StrictCore.residual_sunflower_lifts,196,erdos_20/v13/lean/SunflowerLean/Erdos20StrictCore.lean,public
SunflowerLean.Erdos20StrictCore,theorem,Erdos20StrictCore.residualLink_sunflowerFree,224,erdos_20/v13/lean/SunflowerLean/Erdos20StrictCore.lean,public
SunflowerLean.Erdos20StrictCore,theorem,Erdos20StrictCore.strictSpreadMatching_implies_strictSpreadSunflower,248,erdos_20/v13/lean/SunflowerLean/Erdos20StrictCore.lean,public
SunflowerLean.Erdos20StrictCore,theorem,Erdos20StrictCore.maximal_dense_core_residual_rank_pos,256,erdos_20/v13/lean/SunflowerLean/Erdos20StrictCore.lean,public
SunflowerLean.Erdos20StrictCore,theorem,Erdos20StrictCore.uniformBound_of_strictSpreadSunflower,294,erdos_20/v13/lean/SunflowerLean/Erdos20StrictCore.lean,public
SunflowerLean.Erdos20StrictCore,theorem,Erdos20StrictCore.strictSpreadSunflower_of_uniformBound,310,erdos_20/v13/lean/SunflowerLean/Erdos20StrictCore.lean,public
SunflowerLean.Erdos20StrictCore,theorem,Erdos20StrictCore.strictSpreadSunflower_iff_uniformBound,325,erdos_20/v13/lean/SunflowerLean/Erdos20StrictCore.lean,public
SunflowerLean.Erdos20Substitution,theorem,Erdos20Substitution.mem_encode,29,erdos_20/v13/lean/SunflowerLean/Erdos20Substitution.lean,public
SunflowerLean.Erdos20Substitution,theorem,Erdos20Substitution.mem_fiber,47,erdos_20/v13/lean/SunflowerLean/Erdos20Substitution.lean,public
SunflowerLean.Erdos20Substitution,theorem,Erdos20Substitution.fiber_encode,59,erdos_20/v13/lean/SunflowerLean/Erdos20Substitution.lean,public
SunflowerLean.Erdos20Substitution,theorem,Erdos20Substitution.support_encode,66,erdos_20/v13/lean/SunflowerLean/Erdos20Substitution.lean,public
SunflowerLean.Erdos20Substitution,theorem,Erdos20Substitution.encode_injective,80,erdos_20/v13/lean/SunflowerLean/Erdos20Substitution.lean,public
SunflowerLean.Erdos20Substitution,theorem,Erdos20Substitution.card_encode,99,erdos_20/v13/lean/SunflowerLean/Erdos20Substitution.lean,public
SunflowerLean.Erdos20Substitution,theorem,Erdos20Substitution.card_substitution,122,erdos_20/v13/lean/SunflowerLean/Erdos20Substitution.lean,public
SunflowerLean.Erdos20Substitution,theorem,Erdos20Substitution.uniform_substitution,135,erdos_20/v13/lean/SunflowerLean/Erdos20Substitution.lean,public
SunflowerLean.Erdos20Substitution,theorem,Erdos20Substitution.three_rigidity,144,erdos_20/v13/lean/SunflowerLean/Erdos20Substitution.lean,public
SunflowerLean.Erdos20Substitution,theorem,Erdos20Substitution.support_inter_encode,174,erdos_20/v13/lean/SunflowerLean/Erdos20Substitution.lean,public
SunflowerLean.Erdos20Substitution,theorem,Erdos20Substitution.fiber_inter,195,erdos_20/v13/lean/SunflowerLean/Erdos20Substitution.lean,public
SunflowerLean.Erdos20Substitution,theorem,Erdos20Substitution.sunflowerFree_substitution,202,erdos_20/v13/lean/SunflowerLean/Erdos20Substitution.lean,public
SunflowerLean.Erdos20Substitution,theorem,Erdos20Substitution.tenTriples_nonempty,250,erdos_20/v13/lean/SunflowerLean/Erdos20Substitution.lean,public
SunflowerLean.Erdos20Substitution,theorem,Erdos20Substitution.twentyThousand_card,259,erdos_20/v13/lean/SunflowerLean/Erdos20Substitution.lean,public
SunflowerLean.Erdos20Substitution,theorem,Erdos20Substitution.twentyThousand_uniform,264,erdos_20/v13/lean/SunflowerLean/Erdos20Substitution.lean,public
SunflowerLean.Erdos20Substitution,theorem,Erdos20Substitution.twentyThousand_sunflower_free,267,erdos_20/v13/lean/SunflowerLean/Erdos20Substitution.lean,public
SunflowerLean.Erdos20Substitution,theorem,Erdos20Substitution.twenty_thousand_witness,271,erdos_20/v13/lean/SunflowerLean/Erdos20Substitution.lean,public
SunflowerLean.Erdos20Substitution,theorem,Erdos20Substitution.not_uniformBound_three_three,276,erdos_20/v13/lean/SunflowerLean/Erdos20Substitution.lean,public
SunflowerLean.Erdos20Substitution,theorem,Erdos20Substitution.uniformBound_base_ge_four,283,erdos_20/v13/lean/SunflowerLean/Erdos20Substitution.lean,public
SunflowerLean.Erdos20Tetrahedron,theorem,Erdos20Tetrahedron.six_edges_triangle_complement,10,erdos_20/v13/lean/SunflowerLean/Erdos20Tetrahedron.lean,public
SunflowerLean.Erdos20Tetrahedron,theorem,Erdos20Tetrahedron.pair_subset_triangle_mem,76,erdos_20/v13/lean/SunflowerLean/Erdos20Tetrahedron.lean,public
SunflowerLean.Erdos20Tetrahedron,theorem,Erdos20Tetrahedron.triple_pair_in_link,89,erdos_20/v13/lean/SunflowerLean/Erdos20Tetrahedron.lean,public
SunflowerLean.Erdos20Tetrahedron,theorem,Erdos20Tetrahedron.degree_six_outside_triangle,100,erdos_20/v13/lean/SunflowerLean/Erdos20Tetrahedron.lean,public
SunflowerLean.Erdos20Tetrahedron,theorem,Erdos20Tetrahedron.tetrahedron_disjoint_card_le_three,151,erdos_20/v13/lean/SunflowerLean/Erdos20Tetrahedron.lean,public
SunflowerLean.Erdos20ThreeCrossEdges,theorem,Erdos20ThreeCrossEdges.edge_meets_triangle_mem,9,erdos_20/v13/lean/SunflowerLean/Erdos20ThreeCrossEdges.lean,public
SunflowerLean.Erdos20ThreeCrossEdges,theorem,Erdos20ThreeCrossEdges.sum_le_of_first_three,21,erdos_20/v13/lean/SunflowerLean/Erdos20ThreeCrossEdges.lean,private
SunflowerLean.Erdos20ThreeCrossEdges,theorem,Erdos20ThreeCrossEdges.three_edge_classes_sum_le_six,38,erdos_20/v13/lean/SunflowerLean/Erdos20ThreeCrossEdges.lean,public
SunflowerLean.Erdos20ThreeCrossEdges,theorem,Erdos20ThreeCrossEdges.residual_exact_trace_disjoint_anchor,69,erdos_20/v13/lean/SunflowerLean/Erdos20ThreeCrossEdges.lean,public
SunflowerLean.Erdos20ThreeCrossEdges,theorem,Erdos20ThreeCrossEdges.no_common_singleton_residual,83,erdos_20/v13/lean/SunflowerLean/Erdos20ThreeCrossEdges.lean,public
SunflowerLean.Erdos20ThreeCrossEdges,theorem,Erdos20ThreeCrossEdges.intersecting_triple_singleton_sum_le_six,122,erdos_20/v13/lean/SunflowerLean/Erdos20ThreeCrossEdges.lean,public
SunflowerLean.Erdos20TracePatterns,theorem,Erdos20TracePatterns.split_card,6,erdos_20/v13/lean/SunflowerLean/Erdos20TracePatterns.lean,private
SunflowerLean.Erdos20TracePatterns,theorem,Erdos20TracePatterns.trace_count_equations,14,erdos_20/v13/lean/SunflowerLean/Erdos20TracePatterns.lean,public
SunflowerLean.Erdos20TracePatterns,theorem,Erdos20TracePatterns.intersecting_ten_member_degree_pattern,190,erdos_20/v13/lean/SunflowerLean/Erdos20TracePatterns.lean,public
SunflowerLean.Erdos20TracePatterns,theorem,Erdos20TracePatterns.intersecting_ten_regular_six_support,225,erdos_20/v13/lean/SunflowerLean/Erdos20TracePatterns.lean,public
SunflowerLean.Erdos20TraceStructure,theorem,Erdos20TraceStructure.mem_matching_union,8,erdos_20/v13/lean/SunflowerLean/Erdos20TraceStructure.lean,public
SunflowerLean.Erdos20TraceStructure,theorem,Erdos20TraceStructure.singleton_trace_disjoint_other,15,erdos_20/v13/lean/SunflowerLean/Erdos20TraceStructure.lean,public
SunflowerLean.Erdos20TraceStructure,theorem,Erdos20TraceStructure.insert_pairwise_disjoint,33,erdos_20/v13/lean/SunflowerLean/Erdos20TraceStructure.lean,private
SunflowerLean.Erdos20TraceStructure,theorem,Erdos20TraceStructure.maximum_matching_singleton_traces_intersect,54,erdos_20/v13/lean/SunflowerLean/Erdos20TraceStructure.lean,public
SunflowerLean.Erdos20TraceStructure,theorem,Erdos20TraceStructure.maximum_matching_singleton_residuals_intersect,128,erdos_20/v13/lean/SunflowerLean/Erdos20TraceStructure.lean,public
SunflowerLean.Erdos20TraceStructure,theorem,Erdos20TraceStructure.inclusion_maximal_does_not_force_residual_intersection,169,erdos_20/v13/lean/SunflowerLean/Erdos20TraceStructure.lean,public
SunflowerLean.Erdos20TripleReduction,theorem,Erdos20TripleReduction.twenty_one_degree_window,11,erdos_20/v13/lean/SunflowerLean/Erdos20TripleReduction.lean,public
SunflowerLean.Erdos20TripleReduction,theorem,Erdos20TripleReduction.twenty_one_incidence,23,erdos_20/v13/lean/SunflowerLean/Erdos20TripleReduction.lean,public
SunflowerLean.Erdos20TripleReduction,theorem,Erdos20TripleReduction.twenty_one_support_window,34,erdos_20/v13/lean/SunflowerLean/Erdos20TripleReduction.lean,public
SunflowerLean.Erdos20TripleReduction,theorem,Erdos20TripleReduction.twenty_one_on_fifteen_of_counterexample,59,erdos_20/v13/lean/SunflowerLean/Erdos20TripleReduction.lean,public
SunflowerLean.Erdos20TripleReduction,theorem,Erdos20TripleReduction.triple_bound_twenty_iff,76,erdos_20/v13/lean/SunflowerLean/Erdos20TripleReduction.lean,public
SunflowerLean.Erdos20TripleReduction,theorem,Erdos20TripleReduction.sharpTripleCheck_eq_true_iff,97,erdos_20/v13/lean/SunflowerLean/Erdos20TripleReduction.lean,public
SunflowerLean.Erdos20TripleReduction,theorem,Erdos20TripleReduction.triple_bound_twenty_iff_check_false,100,erdos_20/v13/lean/SunflowerLean/Erdos20TripleReduction.lean,public
SunflowerLean.Erdos20TripleReduction,theorem,Erdos20TripleReduction.sharpCandidates_card,109,erdos_20/v13/lean/SunflowerLean/Erdos20TripleReduction.lean,public
SunflowerLean.Erdos20TripleWitness,theorem,Erdos20TripleWitness.sunflowerFree_of_no_triple,24,erdos_20/v13/lean/SunflowerLean/Erdos20TripleWitness.lean,public
SunflowerLean.Erdos20TripleWitness,theorem,Erdos20TripleWitness.tenTriples_card,41,erdos_20/v13/lean/SunflowerLean/Erdos20TripleWitness.lean,public
SunflowerLean.Erdos20TripleWitness,theorem,Erdos20TripleWitness.tenTriples_uniform,43,erdos_20/v13/lean/SunflowerLean/Erdos20TripleWitness.lean,public
SunflowerLean.Erdos20TripleWitness,theorem,Erdos20TripleWitness.tenTriples_intersecting,49,erdos_20/v13/lean/SunflowerLean/Erdos20TripleWitness.lean,public
SunflowerLean.Erdos20TripleWitness,theorem,Erdos20TripleWitness.tenTriples_sunflower_free,59,erdos_20/v13/lean/SunflowerLean/Erdos20TripleWitness.lean,public
SunflowerLean.Erdos20TripleWitness,theorem,Erdos20TripleWitness.twentyTriples_card,74,erdos_20/v13/lean/SunflowerLean/Erdos20TripleWitness.lean,public
SunflowerLean.Erdos20TripleWitness,theorem,Erdos20TripleWitness.twentyTriples_uniform,76,erdos_20/v13/lean/SunflowerLean/Erdos20TripleWitness.lean,public
SunflowerLean.Erdos20TripleWitness,theorem,Erdos20TripleWitness.twentyTriples_sunflower_free,84,erdos_20/v13/lean/SunflowerLean/Erdos20TripleWitness.lean,public
SunflowerLean.Erdos20TripleWitness,theorem,Erdos20TripleWitness.twenty_triples_witness,99,erdos_20/v13/lean/SunflowerLean/Erdos20TripleWitness.lean,public
SunflowerLean.Erdos20TripleWitness,theorem,Erdos20TripleWitness.twenty_power_witness,104,erdos_20/v13/lean/SunflowerLean/Erdos20TripleWitness.lean,public
SunflowerLean.Erdos20V10AllMeeting,theorem,Erdos20V10AllMeeting.all_meeting_at_least_fifty_five_degrees_eighteen_to_twenty,12,erdos_20/v13/lean/SunflowerLean/Erdos20V10AllMeeting.lean,public
SunflowerLean.Erdos20V10AllMeeting,theorem,Erdos20V10AllMeeting.all_meeting_at_least_fifty_five_degree_seventeen_class_empty,35,erdos_20/v13/lean/SunflowerLean/Erdos20V10AllMeeting.lean,public
SunflowerLean.Erdos20V10AllMeeting,theorem,Erdos20V10AllMeeting.all_meeting_at_least_fifty_five_degree_census,48,erdos_20/v13/lean/SunflowerLean/Erdos20V10AllMeeting.lean,public
SunflowerLean.Erdos20V10AllMeeting,theorem,Erdos20V10AllMeeting.eighty_one_three_class_census_profiles,79,erdos_20/v13/lean/SunflowerLean/Erdos20V10AllMeeting.lean,public
SunflowerLean.Erdos20V10AllMeeting,theorem,Erdos20V10AllMeeting.eighty_one_all_meeting_degree_census,89,erdos_20/v13/lean/SunflowerLean/Erdos20V10AllMeeting.lean,public
SunflowerLean.Erdos20V10AllMeeting,theorem,Erdos20V10AllMeeting.no_eighty_seven_or_ninety_two_all_meeting_at_least_fifty_five,106,erdos_20/v13/lean/SunflowerLean/Erdos20V10AllMeeting.lean,public
SunflowerLean.Erdos20V10AllMeeting,theorem,Erdos20V10AllMeeting.eighty_one_all_meeting_support_seventeen,117,erdos_20/v13/lean/SunflowerLean/Erdos20V10AllMeeting.lean,public
SunflowerLean.Erdos20V10BoundaryReduction,theorem,Erdos20V10BoundaryReduction.meeting_lower_bound_of_intersecting_upper,11,erdos_20/v13/lean/SunflowerLean/Erdos20V10BoundaryReduction.lean,public
SunflowerLean.Erdos20V10BoundaryReduction,theorem,Erdos20V10BoundaryReduction.conditional_eighty_one_min_degree_and_support,37,erdos_20/v13/lean/SunflowerLean/Erdos20V10BoundaryReduction.lean,public
SunflowerLean.Erdos20V10BoundaryReduction,theorem,Erdos20V10BoundaryReduction.conditional_eighty_one_has_degree_nineteen_or_twenty,66,erdos_20/v13/lean/SunflowerLean/Erdos20V10BoundaryReduction.lean,public
SunflowerLean.Erdos20V10DisjointDegree,theorem,Erdos20V10DisjointDegree.disjoint_neighborhoods_disjoint,8,erdos_20/v13/lean/SunflowerLean/Erdos20V10DisjointDegree.lean,public
SunflowerLean.Erdos20V10DisjointDegree,theorem,Erdos20V10DisjointDegree.twice_min_disjoint_degree_le_card,24,erdos_20/v13/lean/SunflowerLean/Erdos20V10DisjointDegree.lean,public
SunflowerLean.Erdos20V10FiniteEndgame,theorem,Erdos20V10FiniteEndgame.conditional_eighty_one_support_seventeen_or_eighteen,11,erdos_20/v13/lean/SunflowerLean/Erdos20V10FiniteEndgame.lean,public
SunflowerLean.Erdos20V10FiniteEndgame,theorem,Erdos20V10FiniteEndgame.unrestricted_eighty_of_small_support_eighty,47,erdos_20/v13/lean/SunflowerLean/Erdos20V10FiniteEndgame.lean,public
SunflowerLean.Erdos20V10HighParity,theorem,Erdos20V10HighParity.twenty_link_pair_codegree_zero_or_two,12,erdos_20/v13/lean/SunflowerLean/Erdos20V10HighParity.lean,public
SunflowerLean.Erdos20V10HighParity,theorem,Erdos20V10HighParity.degree_twenty_triple_codegree_zero_or_two,57,erdos_20/v13/lean/SunflowerLean/Erdos20V10HighParity.lean,public
SunflowerLean.Erdos20V10HighParityMain,theorem,Erdos20V10HighParity.low_star_high_inter_eq,9,erdos_20/v13/lean/SunflowerLean/Erdos20V10HighParityMain.lean,public
SunflowerLean.Erdos20V10HighParityMain,theorem,Erdos20V10HighParity.low_high_neighbor_star_card_five,23,erdos_20/v13/lean/SunflowerLean/Erdos20V10HighParityMain.lean,public
SunflowerLean.Erdos20V10HighParityMain,theorem,Erdos20V10HighParity.low_star_double_high_count_even,43,erdos_20/v13/lean/SunflowerLean/Erdos20V10HighParityMain.lean,public
SunflowerLean.Erdos20V10HighParityMain,theorem,Erdos20V10HighParity.low_high_transversal_degree_identity,77,erdos_20/v13/lean/SunflowerLean/Erdos20V10HighParityMain.lean,public
SunflowerLean.Erdos20V10HighParityMain,theorem,Erdos20V10HighParity.low_high_transversal_degree_seventeen_impossible,118,erdos_20/v13/lean/SunflowerLean/Erdos20V10HighParityMain.lean,public
SunflowerLean.Erdos20V10HighParityMain,theorem,Erdos20V10HighParity.low_high_transversal_degree_nineteen_impossible,130,erdos_20/v13/lean/SunflowerLean/Erdos20V10HighParityMain.lean,public
SunflowerLean.Erdos20V10HighTriangle,theorem,Erdos20V10HighTriangle.edgeSupport_comm,13,erdos_20/v13/lean/SunflowerLean/Erdos20V10HighTriangle.lean,public
SunflowerLean.Erdos20V10HighTriangle,theorem,Erdos20V10HighTriangle.mem_edgeSupport_iff,17,erdos_20/v13/lean/SunflowerLean/Erdos20V10HighTriangle.lean,public
SunflowerLean.Erdos20V10HighTriangle,theorem,Erdos20V10HighTriangle.component_at_high_neighbor,35,erdos_20/v13/lean/SunflowerLean/Erdos20V10HighTriangle.lean,public
SunflowerLean.Erdos20V10HighTriangle,theorem,Erdos20V10HighTriangle.edgeSupport_eq_component_erase,49,erdos_20/v13/lean/SunflowerLean/Erdos20V10HighTriangle.lean,public
SunflowerLean.Erdos20V10HighTriangleDegreeOne,theorem,Erdos20V10HighTriangle.no_three_common_point_residue,9,erdos_20/v13/lean/SunflowerLean/Erdos20V10HighTriangleDegreeOne.lean,public
SunflowerLean.Erdos20V10HighTriangleDegreeOne,theorem,Erdos20V10HighTriangle.no_two_high_neighbors,40,erdos_20/v13/lean/SunflowerLean/Erdos20V10HighTriangleDegreeOne.lean,public
SunflowerLean.Erdos20V10HighTriangleDegreeOne,theorem,Erdos20V10HighTriangle.high_point_high_neighbors_le_one,124,erdos_20/v13/lean/SunflowerLean/Erdos20V10HighTriangleDegreeOne.lean,public
SunflowerLean.Erdos20V10HighTriangleGeometry,theorem,Erdos20V10HighTriangle.high_edge_support_disjoint_high,9,erdos_20/v13/lean/SunflowerLean/Erdos20V10HighTriangleGeometry.lean,public
SunflowerLean.Erdos20V10HighTriangleGeometry,theorem,Erdos20V10HighTriangle.incident_high_edge_supports_disjoint,26,erdos_20/v13/lean/SunflowerLean/Erdos20V10HighTriangleGeometry.lean,public
SunflowerLean.Erdos20V10HighTriangleGeometry,theorem,Erdos20V10HighTriangle.high_edge_has_single_center_member,51,erdos_20/v13/lean/SunflowerLean/Erdos20V10HighTriangleGeometry.lean,public
SunflowerLean.Erdos20V10HighTriangleGeometry,theorem,Erdos20V10HighTriangle.high_neighbor_symm,78,erdos_20/v13/lean/SunflowerLean/Erdos20V10HighTriangleGeometry.lean,public
SunflowerLean.Erdos20V10HighTriangleIncidence,theorem,Erdos20V10HighTriangle.high_point_low_neighbors_ge_eleven,10,erdos_20/v13/lean/SunflowerLean/Erdos20V10HighTriangleIncidence.lean,public
SunflowerLean.Erdos20V10HighTriangleIncidence,theorem,Erdos20V10HighTriangle.eleven_mul_high_card_le_four_mul_low_card,26,erdos_20/v13/lean/SunflowerLean/Erdos20V10HighTriangleIncidence.lean,public
SunflowerLean.Erdos20V10HighTriangleMain,theorem,Erdos20V10HighTriangle.insert_centers_disjoint,8,erdos_20/v13/lean/SunflowerLean/Erdos20V10HighTriangleMain.lean,public
SunflowerLean.Erdos20V10HighTriangleMain,theorem,Erdos20V10HighTriangle.no_high_triangle,23,erdos_20/v13/lean/SunflowerLean/Erdos20V10HighTriangleMain.lean,public
SunflowerLean.Erdos20V10HighTriangleMain,theorem,Erdos20V10HighTriangle.high_neighbors_pairwise_nonadjacent,64,erdos_20/v13/lean/SunflowerLean/Erdos20V10HighTriangleMain.lean,public
SunflowerLean.Erdos20V10HighTriangleTransfer,theorem,Erdos20V10HighTriangle.high_edge_support_card_five,9,erdos_20/v13/lean/SunflowerLean/Erdos20V10HighTriangleTransfer.lean,public
SunflowerLean.Erdos20V10HighTriangleTransfer,theorem,Erdos20V10HighTriangle.high_edge_single_residue_transfer,20,erdos_20/v13/lean/SunflowerLean/Erdos20V10HighTriangleTransfer.lean,public
SunflowerLean.Erdos20V10MinimumDegree,theorem,Erdos20V10MinimumDegree.all_meeting_fifty_four_min_degree_seventeen,11,erdos_20/v13/lean/SunflowerLean/Erdos20V10MinimumDegree.lean,public
SunflowerLean.Erdos20V10Profile54,theorem,Erdos20V10Profile54.degree_cap_eighteen_trace_profile54,8,erdos_20/v13/lean/SunflowerLean/Erdos20V10Profile54.lean,public
SunflowerLean.Erdos20V10Profile54Bridge,theorem,Erdos20V10Profile54Bridge.all_meeting_fifty_four_degree_cap_eighteen_traces,14,erdos_20/v13/lean/SunflowerLean/Erdos20V10Profile54Bridge.lean,public
SunflowerLean.Erdos20V10Profile54Bridge,theorem,Erdos20V10Profile54Bridge.meeting_at_least_fifty_four_degree_cap_eighteen_traces,141,erdos_20/v13/lean/SunflowerLean/Erdos20V10Profile54Bridge.lean,public
SunflowerLean.Erdos20V10Profile54DegreeCap,theorem,Erdos20V10Profile54DegreeCap.no_all_meeting_fifty_four_of_degree_cap_eighteen,12,erdos_20/v13/lean/SunflowerLean/Erdos20V10Profile54DegreeCap.lean,public
SunflowerLean.Erdos20V10Profile54DegreeCap,theorem,Erdos20V10Profile54DegreeCap.exists_anchor_meeting_le_fifty_three_of_degree_cap_eighteen,54,erdos_20/v13/lean/SunflowerLean/Erdos20V10Profile54DegreeCap.lean,public
SunflowerLean.Erdos20V10Profile54DegreeCap,theorem,Erdos20V10Profile54DegreeCap.card_le_eighty_of_degree_cap_eighteen,67,erdos_20/v13/lean/SunflowerLean/Erdos20V10Profile54DegreeCap.lean,public
SunflowerLean.Erdos20V10Profile54LowScores,theorem,Erdos20V10Profile54LowScores.not_two_degree_singleton_scores_le_twenty_six,7,erdos_20/v13/lean/SunflowerLean/Erdos20V10Profile54LowScores.lean,public
SunflowerLean.Erdos20V10Profile54LowScoresBridge,theorem,Erdos20V10Profile54Bridge.all_meeting_at_least_fifty_four_ordered_not_two_low_scores,15,erdos_20/v13/lean/SunflowerLean/Erdos20V10Profile54LowScoresBridge.lean,public
SunflowerLean.Erdos20V10Profile54LowScoresBridge,theorem,Erdos20V10Profile54Bridge.meeting_at_least_fifty_four_not_two_low_scores,140,erdos_20/v13/lean/SunflowerLean/Erdos20V10Profile54LowScoresBridge.lean,public
SunflowerLean.Erdos20V10Profile54Score,theorem,Erdos20V10Profile54Score.degree_singleton_score_ge_twenty_five,8,erdos_20/v13/lean/SunflowerLean/Erdos20V10Profile54Score.lean,public
SunflowerLean.Erdos20V10Profile54ScoreBridge,theorem,Erdos20V10Profile54Bridge.all_meeting_at_least_fifty_four_ordered_score,15,erdos_20/v13/lean/SunflowerLean/Erdos20V10Profile54ScoreBridge.lean,public
SunflowerLean.Erdos20V10Profile54ScoreBridge,theorem,Erdos20V10Profile54Bridge.meeting_at_least_fifty_four_degree_trace_score,147,erdos_20/v13/lean/SunflowerLean/Erdos20V10Profile54ScoreBridge.lean,public
SunflowerLean.Erdos20V10Profile54Seventeen,theorem,Erdos20V10Profile54Seventeen.singleton_trace_le_nine_of_degree_le_seventeen,9,erdos_20/v13/lean/SunflowerLean/Erdos20V10Profile54Seventeen.lean,public
SunflowerLean.Erdos20V10Profile54SeventeenCap,theorem,Erdos20V10Profile54Seventeen.degree_seventeen_member_card_le_one,10,erdos_20/v13/lean/SunflowerLean/Erdos20V10Profile54SeventeenCap.lean,public
SunflowerLean.Erdos20V11Census,theorem,Erdos20V11Census.four_degree_census_identity,11,erdos_20/v13/lean/SunflowerLean/Erdos20V11Census.lean,public
SunflowerLean.Erdos20V11Census,theorem,Erdos20V11Census.conditional_eighty_one_census,38,erdos_20/v13/lean/SunflowerLean/Erdos20V11Census.lean,public
SunflowerLean.Erdos20V11Census,theorem,Erdos20V11Census.fourteen_census_profiles_arithmetic,82,erdos_20/v13/lean/SunflowerLean/Erdos20V11Census.lean,public
SunflowerLean.Erdos20V11Census,theorem,Erdos20V11Census.conditional_eighty_one_fourteen_profiles,92,erdos_20/v13/lean/SunflowerLean/Erdos20V11Census.lean,public
SunflowerLean.Erdos20V11CensusCapacity,theorem,Erdos20V11Census.rank_four_pair_codegree_le_six,14,erdos_20/v13/lean/SunflowerLean/Erdos20V11CensusCapacity.lean,public
SunflowerLean.Erdos20V11CensusCapacity,theorem,Erdos20V11Census.two_zero_high_stars_degree_sum_le,27,erdos_20/v13/lean/SunflowerLean/Erdos20V11CensusCapacity.lean,public
SunflowerLean.Erdos20V11CensusCapacity,theorem,Erdos20V11Census.star_zero_high_of_no_high_neighbors,57,erdos_20/v13/lean/SunflowerLean/Erdos20V11CensusCapacity.lean,public
SunflowerLean.Erdos20V11CensusCapacity,theorem,Erdos20V11Census.zero_high_card_add_twenty_high,66,erdos_20/v13/lean/SunflowerLean/Erdos20V11CensusCapacity.lean,public
SunflowerLean.Erdos20V11CensusCapacity,theorem,Erdos20V11Census.odd_low_degree_mem_zero_high_support,90,erdos_20/v13/lean/SunflowerLean/Erdos20V11CensusCapacity.lean,public
SunflowerLean.Erdos20V11CensusCapacity,theorem,Erdos20V11Census.odd_degree_classes_le_four_zero_high_card,112,erdos_20/v13/lean/SunflowerLean/Erdos20V11CensusCapacity.lean,public
SunflowerLean.Erdos20V11CensusCapacity,theorem,Erdos20V11Census.conditional_eighty_one_four_independent_high_impossible,139,erdos_20/v13/lean/SunflowerLean/Erdos20V11CensusCapacity.lean,public
SunflowerLean.Erdos20V11CensusCommonSupport,theorem,Erdos20V11Census.member_high_cap_one_of_high_neighbors_empty,9,erdos_20/v13/lean/SunflowerLean/Erdos20V11CensusCommonSupport.lean,public
SunflowerLean.Erdos20V11CensusCommonSupport,theorem,Erdos20V11Census.star_zero_high_of_outside_common_support,25,erdos_20/v13/lean/SunflowerLean/Erdos20V11CensusCommonSupport.lean,public
SunflowerLean.Erdos20V11CensusCommonSupport,theorem,Erdos20V11Census.three_high_common_twelve_support_impossible,44,erdos_20/v13/lean/SunflowerLean/Erdos20V11CensusCommonSupport.lean,public
SunflowerLean.Erdos20V11CensusCommonSupport,theorem,Erdos20V11Census.conditional_eighty_one_three_high_common_support_impossible,76,erdos_20/v13/lean/SunflowerLean/Erdos20V11CensusCommonSupport.lean,public
SunflowerLean.Erdos20V11CensusFinal,theorem,Erdos20V11Census.conditional_eighty_one_high_card_le_two,13,erdos_20/v13/lean/SunflowerLean/Erdos20V11CensusFinal.lean,public
SunflowerLean.Erdos20V11CensusFinal,theorem,Erdos20V11Census.conditional_eighty_one_ten_profiles,37,erdos_20/v13/lean/SunflowerLean/Erdos20V11CensusFinal.lean,public
SunflowerLean.Erdos20V11CensusFinal,theorem,Erdos20V11Census.conditional_eighty_one_boundary_structure,48,erdos_20/v13/lean/SunflowerLean/Erdos20V11CensusFinal.lean,public
SunflowerLean.Erdos20V11CensusFinal,theorem,Erdos20V11Census.unrestricted_eighty_of_small_support_two_high_eighty,62,erdos_20/v13/lean/SunflowerLean/Erdos20V11CensusFinal.lean,public
SunflowerLean.Erdos20V11CensusIndependentTriple,theorem,Erdos20V11Census.eighty_one_min_degree_seventeen_no_independent_high_triple,11,erdos_20/v13/lean/SunflowerLean/Erdos20V11CensusIndependentTriple.lean,public
SunflowerLean.Erdos20V11CensusIndependentTriple,theorem,Erdos20V11Census.conditional_eighty_one_no_independent_high_triple,32,erdos_20/v13/lean/SunflowerLean/Erdos20V11CensusIndependentTriple.lean,public
SunflowerLean.Erdos20V11CensusTenProfiles,theorem,Erdos20V11Census.ten_census_profiles_arithmetic,21,erdos_20/v13/lean/SunflowerLean/Erdos20V11CensusTenProfiles.lean,public
SunflowerLean.Erdos20V11CensusTenProfiles,theorem,Erdos20V11Census.conditional_eighty_one_ten_profiles_of_high_card_le_two,29,erdos_20/v13/lean/SunflowerLean/Erdos20V11CensusTenProfiles.lean,public
SunflowerLean.Erdos20V11DegreeSeventeen,theorem,Erdos20V11DegreeSeventeen.triple_seventeen_min_disjoint_eight_decomposition,10,erdos_20/v13/lean/SunflowerLean/Erdos20V11DegreeSeventeen.lean,public
SunflowerLean.Erdos20V11DegreeSeventeenLink,theorem,Erdos20V11DegreeSeventeen.degree_seventeen_link_min_disjoint_eight,10,erdos_20/v13/lean/SunflowerLean/Erdos20V11DegreeSeventeenLink.lean,public
SunflowerLean.Erdos20V11DegreeSeventeenLink,theorem,Erdos20V11DegreeSeventeen.degree_seventeen_link_eight_nine_decomposition,33,erdos_20/v13/lean/SunflowerLean/Erdos20V11DegreeSeventeenLink.lean,public
SunflowerLean.Erdos20V11DegreeSeventeenLink,theorem,Erdos20V11DegreeSeventeen.triple_seventeen_min_disjoint_eight_degree_le_five,50,erdos_20/v13/lean/SunflowerLean/Erdos20V11DegreeSeventeenLink.lean,public
SunflowerLean.Erdos20V11DegreeSeventeenLink,theorem,Erdos20V11DegreeSeventeen.degree_seventeen_pair_codegree_le_five,91,erdos_20/v13/lean/SunflowerLean/Erdos20V11DegreeSeventeenLink.lean,public
SunflowerLean.Erdos20V11DegreeSeventeenTrace,theorem,Erdos20V11DegreeSeventeen.exact_disjoint_trace_of_separated_partition,9,erdos_20/v13/lean/SunflowerLean/Erdos20V11DegreeSeventeenTrace.lean,public
SunflowerLean.Erdos20V11DegreeSeventeenTrace,theorem,Erdos20V11DegreeSeventeen.triple_seventeen_exact_disjoint_degree_distribution,39,erdos_20/v13/lean/SunflowerLean/Erdos20V11DegreeSeventeenTrace.lean,public
SunflowerLean.Erdos20V11DegreeSeventeenTrace,theorem,Erdos20V11DegreeSeventeen.degree_seventeen_singleton_trace_eight_or_nine,89,erdos_20/v13/lean/SunflowerLean/Erdos20V11DegreeSeventeenTrace.lean,public
SunflowerLean.Erdos20V11EdgeCapacity,theorem,Erdos20V11EdgeCapacity.outside_core_star_card_le_two,8,erdos_20/v13/lean/SunflowerLean/Erdos20V11EdgeCapacity.lean,public
SunflowerLean.Erdos20V11EdgeCapacity,theorem,Erdos20V11EdgeCapacity.degree_le_inside_add_four_of_two_outside_stars,31,erdos_20/v13/lean/SunflowerLean/Erdos20V11EdgeCapacity.lean,public
SunflowerLean.Erdos20V11EdgeCapacity,theorem,Erdos20V11EdgeCapacity.degree_le_inside_add_four_of_reserved_pairs,63,erdos_20/v13/lean/SunflowerLean/Erdos20V11EdgeCapacity.lean,public
SunflowerLean.Erdos20V11EdgeCapacity,theorem,Erdos20V11EdgeCapacity.degree_le_fourteen_of_reserved_pairs,76,erdos_20/v13/lean/SunflowerLean/Erdos20V11EdgeCapacity.lean,public
SunflowerLean.Erdos20V11EdgeCapacity,theorem,Erdos20V11EdgeCapacity.degree_le_twelve_of_reserved_pairs,87,erdos_20/v13/lean/SunflowerLean/Erdos20V11EdgeCapacity.lean,public
SunflowerLean.Erdos20V11EdgeCapacityThree,theorem,Erdos20V11EdgeCapacityThree.outside_core_star_card_le_three,8,erdos_20/v13/lean/SunflowerLean/Erdos20V11EdgeCapacityThree.lean,public
SunflowerLean.Erdos20V11EdgeCapacityThree,theorem,Erdos20V11EdgeCapacityThree.degree_le_inside_add_six_of_two_outside_stars,31,erdos_20/v13/lean/SunflowerLean/Erdos20V11EdgeCapacityThree.lean,public
SunflowerLean.Erdos20V11EdgeCapacityThree,theorem,Erdos20V11EdgeCapacityThree.degree_le_inside_add_six_of_reserved_pairs,63,erdos_20/v13/lean/SunflowerLean/Erdos20V11EdgeCapacityThree.lean,public
SunflowerLean.Erdos20V11EdgeCapacityThree,theorem,Erdos20V11EdgeCapacityThree.degree_le_sixteen_of_three_reserved_pairs,76,erdos_20/v13/lean/SunflowerLean/Erdos20V11EdgeCapacityThree.lean,public
SunflowerLean.Erdos20V11EdgeCapacityThree,theorem,Erdos20V11EdgeCapacityThree.degree_le_fourteen_of_three_reserved_pairs,87,erdos_20/v13/lean/SunflowerLean/Erdos20V11EdgeCapacityThree.lean,public
SunflowerLean.Erdos20V11EdgePairs,theorem,Erdos20V11EdgePairs.allowedPairs_card,15,erdos_20/v13/lean/SunflowerLean/Erdos20V11EdgePairs.lean,public
SunflowerLean.Erdos20V11EdgePairs,theorem,Erdos20V11EdgePairs.allowedPairs_avoiding_block,19,erdos_20/v13/lean/SunflowerLean/Erdos20V11EdgePairs.lean,public
SunflowerLean.Erdos20V11EdgePairs,theorem,Erdos20V11EdgePairs.canonical_noncycle_trace_certificate,24,erdos_20/v13/lean/SunflowerLean/Erdos20V11EdgePairs.lean,public
SunflowerLean.Erdos20V11EdgePairs,theorem,Erdos20V11EdgePairs.original_trace_is_cycle_of_card_two,31,erdos_20/v13/lean/SunflowerLean/Erdos20V11EdgePairs.lean,public
SunflowerLean.Erdos20V11EdgeThird,theorem,Erdos20V11EdgeThird.high_edge_third_high_support_disjoint,11,erdos_20/v13/lean/SunflowerLean/Erdos20V11EdgeThird.lean,public
SunflowerLean.Erdos20V11EdgeThird,theorem,Erdos20V11EdgeThird.high_edge_third_high_support_ge_twenty,22,erdos_20/v13/lean/SunflowerLean/Erdos20V11EdgeThird.lean,public
SunflowerLean.Erdos20V11EdgeThirdDesign,theorem,Erdos20V11EdgeThird.ten_zero_or_two_trace_support_disjoint,10,erdos_20/v13/lean/SunflowerLean/Erdos20V11EdgeThirdDesign.lean,public
SunflowerLean.Erdos20V11EdgeThirdDesign,theorem,Erdos20V11EdgeThird.twenty_zero_or_two_trace_support_disjoint,41,erdos_20/v13/lean/SunflowerLean/Erdos20V11EdgeThirdDesign.lean,public
SunflowerLean.Erdos20V11EdgeThirdSupport,theorem,Erdos20V11EdgeThird.third_high_nonadjacent_to_edge,10,erdos_20/v13/lean/SunflowerLean/Erdos20V11EdgeThirdSupport.lean,public
SunflowerLean.Erdos20V11EdgeThirdSupport,theorem,Erdos20V11EdgeThird.third_high_support_disjoint_of_edge_trace,25,erdos_20/v13/lean/SunflowerLean/Erdos20V11EdgeThirdSupport.lean,public
SunflowerLean.Erdos20V11EdgeThirdSupport,theorem,Erdos20V11EdgeThird.twenty_le_support_of_edge_trace_and_third_high,61,erdos_20/v13/lean/SunflowerLean/Erdos20V11EdgeThirdSupport.lean,public
SunflowerLean.Erdos20V11EdgeTrace,theorem,Erdos20V11EdgeTrace.canonical_deleted_trace_certificate,10,erdos_20/v13/lean/SunflowerLean/Erdos20V11EdgeTrace.lean,public
SunflowerLean.Erdos20V11EdgeTrace,theorem,Erdos20V11EdgeTrace.shared_trace_forbidden,18,erdos_20/v13/lean/SunflowerLean/Erdos20V11EdgeTrace.lean,public
SunflowerLean.Erdos20V11EdgeTrace,theorem,Erdos20V11EdgeTrace.image_trace,53,erdos_20/v13/lean/SunflowerLean/Erdos20V11EdgeTrace.lean,public
SunflowerLean.Erdos20V11EdgeTrace,theorem,Erdos20V11EdgeTrace.high_edge_member_trace_zero_or_two,67,erdos_20/v13/lean/SunflowerLean/Erdos20V11EdgeTrace.lean,public
SunflowerLean.Erdos20V11Final,theorem,Erdos20V11Final.high_neighbors_empty_of_min_degree_fifteen,12,erdos_20/v13/lean/SunflowerLean/Erdos20V11Final.lean,public
SunflowerLean.Erdos20V11Final,theorem,Erdos20V11Final.all_meeting_fifty_four_member_high_cap_one,23,erdos_20/v13/lean/SunflowerLean/Erdos20V11Final.lean,public
SunflowerLean.Erdos20V11Final,theorem,Erdos20V11Final.conditional_eighty_one_boundary_rigidity,36,erdos_20/v13/lean/SunflowerLean/Erdos20V11Final.lean,public
SunflowerLean.Erdos20V11Final,theorem,Erdos20V11Final.unrestricted_eighty_of_small_support_independent_two_high_eighty,55,erdos_20/v13/lean/SunflowerLean/Erdos20V11Final.lean,public
SunflowerLean.Erdos20V11HighCommon,theorem,Erdos20V11HighSupport.common_high_support_disjoint_high,10,erdos_20/v13/lean/SunflowerLean/Erdos20V11HighCommon.lean,public
SunflowerLean.Erdos20V11HighCommon,theorem,Erdos20V11HighSupport.all_high_supports_eq_of_independent_triple,27,erdos_20/v13/lean/SunflowerLean/Erdos20V11HighCommon.lean,public
SunflowerLean.Erdos20V11HighCommon,theorem,Erdos20V11HighSupport.member_high_cap_one_of_common_support,52,erdos_20/v13/lean/SunflowerLean/Erdos20V11HighCommon.lean,public
SunflowerLean.Erdos20V11HighCommon,theorem,Erdos20V11HighSupport.high_card_le_three_of_common_low_support,69,erdos_20/v13/lean/SunflowerLean/Erdos20V11HighCommon.lean,public
SunflowerLean.Erdos20V11HighCommon,theorem,Erdos20V11HighSupport.independent_high_triple_exhausts_high_class,116,erdos_20/v13/lean/SunflowerLean/Erdos20V11HighCommon.lean,public
SunflowerLean.Erdos20V11HighEdgeCounts,theorem,Erdos20V11HighEdgeCounts.high_edge_residual_point_codegrees,11,erdos_20/v13/lean/SunflowerLean/Erdos20V11HighEdgeCounts.lean,public
SunflowerLean.Erdos20V11HighEdgeCounts,theorem,Erdos20V11HighEdgeCounts.high_edge_residual_point_inside_card_eight,32,erdos_20/v13/lean/SunflowerLean/Erdos20V11HighEdgeCounts.lean,public
SunflowerLean.Erdos20V11HighEdgeDegree,theorem,Erdos20V11HighEdgeDegree.high_edge_residual_point_degree_le_fourteen,15,erdos_20/v13/lean/SunflowerLean/Erdos20V11HighEdgeDegree.lean,public
SunflowerLean.Erdos20V11HighEdgeDegree,theorem,Erdos20V11HighEdgeDegree.no_high_edge_of_min_degree_fifteen,101,erdos_20/v13/lean/SunflowerLean/Erdos20V11HighEdgeDegree.lean,public
SunflowerLean.Erdos20V11HighEdgeReserve,theorem,Erdos20V11HighEdgeReserve.allowed_pair_three_reserved_members,11,erdos_20/v13/lean/SunflowerLean/Erdos20V11HighEdgeReserve.lean,public
SunflowerLean.Erdos20V11HighEdgeReserve,theorem,Erdos20V11HighEdgeReserve.allowed_pair_star_card_le_six,64,erdos_20/v13/lean/SunflowerLean/Erdos20V11HighEdgeReserve.lean,public
SunflowerLean.Erdos20V11HighSupport,theorem,Erdos20V11HighSupport.twenty_transversal_six_subset_support,11,erdos_20/v13/lean/SunflowerLean/Erdos20V11HighSupport.lean,public
SunflowerLean.Erdos20V11HighSupport,theorem,Erdos20V11HighSupport.high_link_twenty_and_support_twelve,25,erdos_20/v13/lean/SunflowerLean/Erdos20V11HighSupport.lean,public
SunflowerLean.Erdos20V11HighSupport,theorem,Erdos20V11HighSupport.nonneighbor_not_mem_link_support,37,erdos_20/v13/lean/SunflowerLean/Erdos20V11HighSupport.lean,public
SunflowerLean.Erdos20V11HighSupport,theorem,Erdos20V11HighSupport.residue_subset_third_high_support,46,erdos_20/v13/lean/SunflowerLean/Erdos20V11HighSupport.lean,public
SunflowerLean.Erdos20V11HighSupport,theorem,Erdos20V11HighSupport.three_nonadjacent_high_supports_eq,123,erdos_20/v13/lean/SunflowerLean/Erdos20V11HighSupport.lean,public
SunflowerLean.Erdos20V12DegreeSeventeen,theorem,Erdos20V12DegreeSeventeen.all_meeting_fifty_four_degree_ne_seventeen,12,erdos_20/v13/lean/SunflowerLean/Erdos20V12DegreeSeventeen.lean,public
SunflowerLean.Erdos20V12DegreeSeventeen,theorem,Erdos20V12DegreeSeventeen.all_meeting_fifty_four_min_degree_eighteen,108,erdos_20/v13/lean/SunflowerLean/Erdos20V12DegreeSeventeen.lean,public
SunflowerLean.Erdos20V12Final,theorem,Erdos20V12Final.conditional_eighty_one_boundary_rigidity,11,erdos_20/v13/lean/SunflowerLean/Erdos20V12Final.lean,public
SunflowerLean.Erdos20V12Final,theorem,Erdos20V12Final.two_profiles_literal,23,erdos_20/v13/lean/SunflowerLean/Erdos20V12Final.lean,public
SunflowerLean.Erdos20V12HighCard,theorem,Erdos20V12HighCard.three_high_pairwise_nonadjacent,9,erdos_20/v13/lean/SunflowerLean/Erdos20V12HighCard.lean,public
SunflowerLean.Erdos20V12HighCard,theorem,Erdos20V12HighCard.high_points_card_le_three,24,erdos_20/v13/lean/SunflowerLean/Erdos20V12HighCard.lean,public
SunflowerLean.Erdos20V12HighCard,theorem,Erdos20V12HighCard.three_high_common_support_structure,38,erdos_20/v13/lean/SunflowerLean/Erdos20V12HighCard.lean,public
SunflowerLean.Erdos20V12HighCardGraph,theorem,Erdos20V12HighCard.triangle_distinguished_support_le_one,10,erdos_20/v13/lean/SunflowerLean/Erdos20V12HighCardGraph.lean,public
SunflowerLean.Erdos20V12HighCardGraph,theorem,Erdos20V12HighCard.six_edges_distinguished_support_le_two,31,erdos_20/v13/lean/SunflowerLean/Erdos20V12HighCardGraph.lean,public
SunflowerLean.Erdos20V12HighCardGraph,theorem,Erdos20V12HighCard.three_independent_degree_two_impossible,63,erdos_20/v13/lean/SunflowerLean/Erdos20V12HighCardGraph.lean,public
SunflowerLean.Erdos20V12HighCardPairs,theorem,Erdos20V12HighCard.three_binary_classes_shared_pair,9,erdos_20/v13/lean/SunflowerLean/Erdos20V12HighCardPairs.lean,public
SunflowerLean.Erdos20V12HighCardPairs,theorem,Erdos20V12HighCard.twenty_link_binary_pair_classification,28,erdos_20/v13/lean/SunflowerLean/Erdos20V12HighCardPairs.lean,public
SunflowerLean.Erdos20V12HighCardPairs,theorem,Erdos20V12HighCard.three_twenty_links_shared_pair,59,erdos_20/v13/lean/SunflowerLean/Erdos20V12HighCardPairs.lean,public
SunflowerLean.Erdos20V12HighCardTwo,theorem,Erdos20V12HighCard.high_center_pair_link_degree_two,12,erdos_20/v13/lean/SunflowerLean/Erdos20V12HighCardTwo.lean,public
SunflowerLean.Erdos20V12HighCardTwo,theorem,Erdos20V12HighCard.no_three_high_points,39,erdos_20/v13/lean/SunflowerLean/Erdos20V12HighCardTwo.lean,public
SunflowerLean.Erdos20V12HighCardTwo,theorem,Erdos20V12HighCard.high_points_card_le_two,88,erdos_20/v13/lean/SunflowerLean/Erdos20V12HighCardTwo.lean,public
SunflowerLean.Erdos20V12HighEdge,theorem,Erdos20V12HighEdge.high_edge_excludes_third_high,13,erdos_20/v13/lean/SunflowerLean/Erdos20V12HighEdge.lean,public
SunflowerLean.Erdos20V12HighEdge,theorem,Erdos20V12HighEdge.high_edge_exhausts_high_class,97,erdos_20/v13/lean/SunflowerLean/Erdos20V12HighEdge.lean,public
SunflowerLean.Erdos20V12Intersecting,theorem,Erdos20V12Intersecting.nineteen_transversal_four_has_degree_six,10,erdos_20/v13/lean/SunflowerLean/Erdos20V12Intersecting.lean,public
SunflowerLean.Erdos20V12Intersecting,theorem,Erdos20V12Intersecting.intersecting_degree_nineteen_has_pair_six,26,erdos_20/v13/lean/SunflowerLean/Erdos20V12Intersecting.lean,public
SunflowerLean.Erdos20V12Nineteen,theorem,Erdos20V12Nineteen.nineteen_max_degree_five_contains_ten,10,erdos_20/v13/lean/SunflowerLean/Erdos20V12Nineteen.lean,public
SunflowerLean.Erdos20V12Nineteen,theorem,Erdos20V12Nineteen.nineteen_max_degree_five_decomposition,102,erdos_20/v13/lean/SunflowerLean/Erdos20V12Nineteen.lean,public
SunflowerLean.Erdos20V12Nineteen,theorem,Erdos20V12Nineteen.nineteen_max_degree_five_no_transversal_four,118,erdos_20/v13/lean/SunflowerLean/Erdos20V12Nineteen.lean,public
SunflowerLean.Erdos20V12ProfileReduction,theorem,Erdos20V12Profile.conditional_eighty_one_degree_class_seventeen_empty,13,erdos_20/v13/lean/SunflowerLean/Erdos20V12ProfileReduction.lean,public
SunflowerLean.Erdos20V12ProfileReduction,theorem,Erdos20V12Profile.conditional_eighty_one_two_profiles,28,erdos_20/v13/lean/SunflowerLean/Erdos20V12ProfileReduction.lean,public
SunflowerLean.Erdos20V12ProfileReduction,theorem,Erdos20V12Profile.unrestricted_eighty_of_two_boundary_profiles,53,erdos_20/v13/lean/SunflowerLean/Erdos20V12ProfileReduction.lean,public
SunflowerLean.Erdos20V12ProfileScore,theorem,Erdos20V12Profile.score_twenty_five_forces_degree_twenty,7,erdos_20/v13/lean/SunflowerLean/Erdos20V12ProfileScore.lean,public
SunflowerLean.Erdos20V12ProfileScoreBridge,theorem,Erdos20V12Profile.all_meeting_fifty_four_ordered_low_score_high_companion,15,erdos_20/v13/lean/SunflowerLean/Erdos20V12ProfileScoreBridge.lean,public
SunflowerLean.Erdos20V12ProfileScoreBridge,theorem,Erdos20V12Profile.meeting_fifty_four_low_score_high_companion,131,erdos_20/v13/lean/SunflowerLean/Erdos20V12ProfileScoreBridge.lean,public
SunflowerLean.Erdos20V13Boundary,theorem,Erdos20V13Boundary.direct_two_census_profiles,9,erdos_20/v13/lean/SunflowerLean/Erdos20V13Boundary.lean,public
SunflowerLean.Erdos20V13Boundary,theorem,Erdos20V13Boundary.direct_census_without_positive_witness,16,erdos_20/v13/lean/SunflowerLean/Erdos20V13Boundary.lean,public
SunflowerLean.Erdos20V13Boundary,theorem,Erdos20V13Boundary.conditional_eighty_one_two_profiles_direct,25,erdos_20/v13/lean/SunflowerLean/Erdos20V13Boundary.lean,public
SunflowerLean.Erdos20V13Boundary,theorem,Erdos20V13Boundary.unrestricted_eighty_of_three_open_inputs,62,erdos_20/v13/lean/SunflowerLean/Erdos20V13Boundary.lean,public
SunflowerLean.Erdos20V13Boundary,theorem,Erdos20V13Boundary.overlap_four_rows,77,erdos_20/v13/lean/SunflowerLean/Erdos20V13Boundary.lean,public
SunflowerLean.Erdos20V13Boundary,theorem,Erdos20V13Boundary.residual_degree_rows,84,erdos_20/v13/lean/SunflowerLean/Erdos20V13Boundary.lean,public
SunflowerLean.Erdos20V13Boundary,theorem,Erdos20V13Boundary.two_twelve_subsets_four_rows,91,erdos_20/v13/lean/SunflowerLean/Erdos20V13Boundary.lean,public
SunflowerLean.Erdos20V13Boundary,theorem,Erdos20V13Boundary.high_link_support_subset_low,113,erdos_20/v13/lean/SunflowerLean/Erdos20V13Boundary.lean,public
SunflowerLean.Erdos20V13Boundary,theorem,Erdos20V13Boundary.profile_b_actual_overlap_four_rows,132,erdos_20/v13/lean/SunflowerLean/Erdos20V13Boundary.lean,public
SunflowerLean.Erdos20V13Boundary,theorem,Erdos20V13Boundary.profile_zero_high_member_count,157,erdos_20/v13/lean/SunflowerLean/Erdos20V13Boundary.lean,public
SunflowerLean.Erdos20V13Boundary,theorem,Erdos20V13Boundary.zero_high_degree_add_five_neighbors,168,erdos_20/v13/lean/SunflowerLean/Erdos20V13Boundary.lean,public
SunflowerLean.Erdos20V13Boundary,theorem,Erdos20V13Boundary.zero_high_degree_eq_sub_five_neighbors,221,erdos_20/v13/lean/SunflowerLean/Erdos20V13Boundary.lean,public
SunflowerLean.Erdos20V13BoundaryLiteral,theorem,Erdos20V13BoundaryLiteral.conditional_boundary_fully_literal,9,erdos_20/v13/lean/SunflowerLean/Erdos20V13BoundaryLiteral.lean,public
SunflowerLean.Erdos20V13BoundaryLiteral,theorem,Erdos20V13BoundaryLiteral.unrestricted_eighty_three_inputs_fully_literal,22,erdos_20/v13/lean/SunflowerLean/Erdos20V13BoundaryLiteral.lean,public
SunflowerLean.Erdos20V13Endpoint,theorem,Erdos20V13Endpoint.liftTriple_injective,16,erdos_20/v13/lean/SunflowerLean/Erdos20V13Endpoint.lean,public
SunflowerLean.Erdos20V13Endpoint,theorem,Erdos20V13Endpoint.family_card,23,erdos_20/v13/lean/SunflowerLean/Erdos20V13Endpoint.lean,public
SunflowerLean.Erdos20V13Endpoint,theorem,Erdos20V13Endpoint.family_uniform,27,erdos_20/v13/lean/SunflowerLean/Erdos20V13Endpoint.lean,public
SunflowerLean.Erdos20V13Endpoint,theorem,Erdos20V13Endpoint.family_intersecting,33,erdos_20/v13/lean/SunflowerLean/Erdos20V13Endpoint.lean,public
SunflowerLean.Erdos20V13Endpoint,theorem,Erdos20V13Endpoint.family_sunflower_free,39,erdos_20/v13/lean/SunflowerLean/Erdos20V13Endpoint.lean,public
SunflowerLean.Erdos20V13Endpoint,theorem,Erdos20V13Endpoint.center_degree_nineteen,60,erdos_20/v13/lean/SunflowerLean/Erdos20V13Endpoint.lean,public
SunflowerLean.Erdos20V13Endpoint,theorem,Erdos20V13Endpoint.center_pair_degree_le_five,73,erdos_20/v13/lean/SunflowerLean/Erdos20V13Endpoint.lean,public
SunflowerLean.Erdos20V13Endpoint,theorem,Erdos20V13Endpoint.nineteen_member_endpoint_counterexample,79,erdos_20/v13/lean/SunflowerLean/Erdos20V13Endpoint.lean,public
SunflowerLean.Erdos20V13FiniteReduction,theorem,Erdos20V13FiniteReduction.intersecting_mapFamily_iff,9,erdos_20/v13/lean/SunflowerLean/Erdos20V13FiniteReduction.lean,public
SunflowerLean.Erdos20V13FiniteReduction,theorem,Erdos20V13FiniteReduction.exists_intersecting_fin_relabel,29,erdos_20/v13/lean/SunflowerLean/Erdos20V13FiniteReduction.lean,public
SunflowerLean.Erdos20V13FiniteReduction,theorem,Erdos20V13FiniteReduction.intersecting_twenty_eight_support_le_eighty_five,72,erdos_20/v13/lean/SunflowerLean/Erdos20V13FiniteReduction.lean,public
SunflowerLean.Erdos20V13FiniteReduction,theorem,Erdos20V13FiniteReduction.finite_obstruction_of_intersecting_counterexample,109,erdos_20/v13/lean/SunflowerLean/Erdos20V13FiniteReduction.lean,public
SunflowerLean.Erdos20V13FiniteReduction,theorem,Erdos20V13FiniteReduction.intersecting_upper_twenty_seven_iff_no_finite_obstruction,125,erdos_20/v13/lean/SunflowerLean/Erdos20V13FiniteReduction.lean,public
SunflowerLean.Erdos20V13FiniteReduction,theorem,Erdos20V13FiniteReduction.intersecting_upper_twenty_seven_large_universe,137,erdos_20/v13/lean/SunflowerLean/Erdos20V13FiniteReduction.lean,public
SunflowerLean.Erdos20V13Intersecting,theorem,Erdos20V13Intersecting.star_union_card_add_pair_codegree,9,erdos_20/v13/lean/SunflowerLean/Erdos20V13Intersecting.lean,public
SunflowerLean.Erdos20V13Intersecting,theorem,Erdos20V13Intersecting.degree_nineteen_pair_six_partner_bounds,25,erdos_20/v13/lean/SunflowerLean/Erdos20V13Intersecting.lean,public
SunflowerLean.Erdos20V13Intersecting,theorem,Erdos20V13Intersecting.intersecting_twenty_eight_degree_nineteen_partner_bounds,46,erdos_20/v13/lean/SunflowerLean/Erdos20V13Intersecting.lean,public
SunflowerLean.Erdos20V13Intersecting,theorem,Erdos20V13Intersecting.upperStar_eq_image_restore_core,58,erdos_20/v13/lean/SunflowerLean/Erdos20V13Intersecting.lean,public
SunflowerLean.Erdos20V13Intersecting,theorem,Erdos20V13Intersecting.pair_codegree_six_exact_two_triangles,77,erdos_20/v13/lean/SunflowerLean/Erdos20V13Intersecting.lean,public
SunflowerLean.Erdos20V13Nineteen,theorem,Erdos20V13Nineteen.nineteen_max_degree_five_transversal_ge_six,8,erdos_20/v13/lean/SunflowerLean/Erdos20V13Nineteen.lean,public
SunflowerLean.Erdos20V13Nineteen,theorem,Erdos20V13Nineteen.nineteen_transversal_five_has_degree_six,33,erdos_20/v13/lean/SunflowerLean/Erdos20V13Nineteen.lean,public
SunflowerLean.Erdos20V13Nineteen,theorem,Erdos20V13Nineteen.max_degree_iff_on_support,49,erdos_20/v13/lean/SunflowerLean/Erdos20V13Nineteen.lean,public
SunflowerLean.Erdos20V13Nineteen,theorem,Erdos20V13Nineteen.nineteen_max_degree_five_exists_transversal_six,64,erdos_20/v13/lean/SunflowerLean/Erdos20V13Nineteen.lean,public
SunflowerLean.Erdos20V13Nineteen,theorem,Erdos20V13Nineteen.nineteen_max_degree_five_transversal_exact_six,94,erdos_20/v13/lean/SunflowerLean/Erdos20V13Nineteen.lean,public
SunflowerLean.Erdos20V13Trace,theorem,Erdos20V12Profile.meeting_fifty_four_low_score_distinct_high_companion,10,erdos_20/v13/lean/SunflowerLean/Erdos20V13Trace.lean,public
SunflowerLean.Erdos20V13Trace,theorem,Erdos20V13Trace.trace_score_identity,58,erdos_20/v13/lean/SunflowerLean/Erdos20V13Trace.lean,public
SunflowerLean.Erdos20V13Trace,theorem,Erdos20V13Trace.weighted_companion_identity,64,erdos_20/v13/lean/SunflowerLean/Erdos20V13Trace.lean,public
SunflowerLean.Erdos20V13Trace,theorem,Erdos20V13Trace.score_twenty_six_relaxation,71,erdos_20/v13/lean/SunflowerLean/Erdos20V13Trace.lean,public
SunflowerLean.Erdos20V13Trace,theorem,Erdos20V13Trace.incidence_divisibility,79,erdos_20/v13/lean/SunflowerLean/Erdos20V13Trace.lean,public
SunflowerLean.Erdos20V13Trace,theorem,Erdos20V13Trace.five_cannot_divide_nine,81,erdos_20/v13/lean/SunflowerLean/Erdos20V13Trace.lean,public
SunflowerLean.Erdos20V3Frontier,theorem,Erdos20V3Frontier.base_three_rank_nine_obstruction,11,erdos_20/v13/lean/SunflowerLean/Erdos20V3Frontier.lean,public
SunflowerLean.Erdos20V3Frontier,theorem,Erdos20V3Frontier.base_three_rank_nine_check,19,erdos_20/v13/lean/SunflowerLean/Erdos20V3Frontier.lean,public
SunflowerLean.Erdos20V3Frontier,theorem,Erdos20V3Frontier.base_three_failure_all_universes,23,erdos_20/v13/lean/SunflowerLean/Erdos20V3Frontier.lean,public
SunflowerLean.Erdos20V3Frontier,theorem,Erdos20V3Frontier.base_ge_four_all_universes,28,erdos_20/v13/lean/SunflowerLean/Erdos20V3Frontier.lean,public
SunflowerLean.Erdos20V3Frontier,theorem,Erdos20V3Frontier.base_three_low_ranks,35,erdos_20/v13/lean/SunflowerLean/Erdos20V3Frontier.lean,public
SunflowerLean.Erdos20V3Frontier,theorem,Erdos20V3Frontier.least_base_three_failure_window,53,erdos_20/v13/lean/SunflowerLean/Erdos20V3Frontier.lean,public
SunflowerLean.Erdos20V4Frontier,theorem,Erdos20V4Frontier.triple_bound_twenty,13,erdos_20/v13/lean/SunflowerLean/Erdos20V4Frontier.lean,public
SunflowerLean.Erdos20V4Frontier,theorem,Erdos20V4Frontier.sharp_triple_maximum,17,erdos_20/v13/lean/SunflowerLean/Erdos20V4Frontier.lean,public
SunflowerLean.Erdos20V4Frontier,theorem,Erdos20V4Frontier.twenty_one_triples_force_sunflower,24,erdos_20/v13/lean/SunflowerLean/Erdos20V4Frontier.lean,public
SunflowerLean.Erdos20V4Frontier,theorem,Erdos20V4Frontier.no_twenty_one_on_fifteen,35,erdos_20/v13/lean/SunflowerLean/Erdos20V4Frontier.lean,public
SunflowerLean.Erdos20V4Frontier,theorem,Erdos20V4Frontier.sharp_triple_check_false,39,erdos_20/v13/lean/SunflowerLean/Erdos20V4Frontier.lean,public
SunflowerLean.Erdos20V4Frontier,theorem,Erdos20V4Frontier.sharp_seed_bound,42,erdos_20/v13/lean/SunflowerLean/Erdos20V4Frontier.lean,public
SunflowerLean.Erdos20V4Frontier,theorem,Erdos20V4Frontier.sharp_seed_values,50,erdos_20/v13/lean/SunflowerLean/Erdos20V4Frontier.lean,public
SunflowerLean.Erdos20V4Frontier,theorem,Erdos20V4Frontier.twentyTriples_support_card,55,erdos_20/v13/lean/SunflowerLean/Erdos20V4Frontier.lean,public
SunflowerLean.Erdos20V4Frontier,theorem,Erdos20V4Frontier.sharp_minimum_extremal_support,60,erdos_20/v13/lean/SunflowerLean/Erdos20V4Frontier.lean,public
SunflowerLean.Erdos20V5Frontier,theorem,Erdos20V5Frontier.intersecting_ten_design,13,erdos_20/v13/lean/SunflowerLean/Erdos20V5Frontier.lean,public
SunflowerLean.Erdos20V5Frontier,theorem,Erdos20V5Frontier.intersecting_ten_no_two_point_transversal,25,erdos_20/v13/lean/SunflowerLean/Erdos20V5Frontier.lean,public
SunflowerLean.Erdos20V5Frontier,theorem,Erdos20V5Frontier.intersecting_ten_pair_meets_eight,33,erdos_20/v13/lean/SunflowerLean/Erdos20V5Frontier.lean,public
SunflowerLean.Erdos20V6Bounds,theorem,Erdos20V6Bounds.rank_four_card_le_ninety_five,14,erdos_20/v13/lean/SunflowerLean/Erdos20V6Bounds.lean,public
SunflowerLean.Erdos20V6Bounds,theorem,Erdos20V6Bounds.rankFourBound_pos,45,erdos_20/v13/lean/SunflowerLean/Erdos20V6Bounds.lean,public
SunflowerLean.Erdos20V6Bounds,theorem,Erdos20V6Bounds.propagated_rank_four_bound,54,erdos_20/v13/lean/SunflowerLean/Erdos20V6Bounds.lean,public
SunflowerLean.Erdos20V6Bounds,theorem,Erdos20V6Bounds.rankFourBound_values,72,erdos_20/v13/lean/SunflowerLean/Erdos20V6Bounds.lean,public
SunflowerLean.Erdos20V6Bounds,theorem,Erdos20V6Bounds.rankFourBound_lt_v5,77,erdos_20/v13/lean/SunflowerLean/Erdos20V6Bounds.lean,public
SunflowerLean.Erdos20V6Bounds,theorem,Erdos20V6Bounds.rank_five_card_le_nine_hundred_forty_two,90,erdos_20/v13/lean/SunflowerLean/Erdos20V6Bounds.lean,public
SunflowerLean.Erdos20V6Bounds,theorem,Erdos20V6Bounds.rank_six_card_le_eleven_thousand_two_hundred_ninety_four,96,erdos_20/v13/lean/SunflowerLean/Erdos20V6Bounds.lean,public
SunflowerLean.Erdos20V7Bounds,theorem,Erdos20V7Bounds.rank_four_card_le_ninety_three,14,erdos_20/v13/lean/SunflowerLean/Erdos20V7Bounds.lean,public
SunflowerLean.Erdos20V7Bounds,theorem,Erdos20V7Bounds.rankFourBound_pos,45,erdos_20/v13/lean/SunflowerLean/Erdos20V7Bounds.lean,public
SunflowerLean.Erdos20V7Bounds,theorem,Erdos20V7Bounds.propagated_rank_four_bound,54,erdos_20/v13/lean/SunflowerLean/Erdos20V7Bounds.lean,public
SunflowerLean.Erdos20V7Bounds,theorem,Erdos20V7Bounds.rankFourBound_values,72,erdos_20/v13/lean/SunflowerLean/Erdos20V7Bounds.lean,public
SunflowerLean.Erdos20V7Bounds,theorem,Erdos20V7Bounds.rankFourBound_lt_v6,77,erdos_20/v13/lean/SunflowerLean/Erdos20V7Bounds.lean,public
SunflowerLean.Erdos20V7Bounds,theorem,Erdos20V7Bounds.rank_five_card_le_nine_hundred_twenty_two,90,erdos_20/v13/lean/SunflowerLean/Erdos20V7Bounds.lean,public
SunflowerLean.Erdos20V7Bounds,theorem,Erdos20V7Bounds.rank_six_card_le_eleven_thousand_fifty_four,96,erdos_20/v13/lean/SunflowerLean/Erdos20V7Bounds.lean,public
SunflowerLean.Erdos20V8Boundary,theorem,Erdos20V8Boundary.degree_classes_of_eighty_three,12,erdos_20/v13/lean/SunflowerLean/Erdos20V8Boundary.lean,public
SunflowerLean.Erdos20V8Boundary,theorem,Erdos20V8Boundary.weighted_high_point_incidence,56,erdos_20/v13/lean/SunflowerLean/Erdos20V8Boundary.lean,public
SunflowerLean.Erdos20V8BoundaryReduction,theorem,Erdos20V8BoundaryReduction.eighty_three_all_meeting_fifty_six,8,erdos_20/v13/lean/SunflowerLean/Erdos20V8BoundaryReduction.lean,public
SunflowerLean.Erdos20V8BoundaryReduction,theorem,Erdos20V8BoundaryReduction.unrestricted_eighty_two_of_boundary_exclusion,37,erdos_20/v13/lean/SunflowerLean/Erdos20V8BoundaryReduction.lean,public
SunflowerLean.Erdos20V8Consequences,theorem,Erdos20V8Consequences.eighty_three_exists_anchor_meeting_le_fifty_five,8,erdos_20/v13/lean/SunflowerLean/Erdos20V8Consequences.lean,public
SunflowerLean.Erdos20V8Consequences,theorem,Erdos20V8Consequences.eighty_three_contains_intersecting_twenty_eight,23,erdos_20/v13/lean/SunflowerLean/Erdos20V8Consequences.lean,public
SunflowerLean.Erdos20V8Consequences,theorem,Erdos20V8Consequences.rank_five_le_eight_hundred_twelve_of_intersecting_twenty_seven,44,erdos_20/v13/lean/SunflowerLean/Erdos20V8Consequences.lean,public
SunflowerLean.Erdos20V8Consequences,theorem,Erdos20V8Consequences.rank_six_le_nine_thousand_seven_hundred_thirty_four_of_intersecting_twenty_seven,59,erdos_20/v13/lean/SunflowerLean/Erdos20V8Consequences.lean,public
SunflowerLean.Erdos20V8DesignCounts,theorem,Erdos20V8DesignCounts.independent_supported_subset_card_le_three,13,erdos_20/v13/lean/SunflowerLean/Erdos20V8DesignCounts.lean,public
SunflowerLean.Erdos20V8DesignCounts,theorem,Erdos20V8DesignCounts.block_counts_total,30,erdos_20/v13/lean/SunflowerLean/Erdos20V8DesignCounts.lean,public
SunflowerLean.Erdos20V8DesignCounts,theorem,Erdos20V8DesignCounts.block_counts_first_moment,47,erdos_20/v13/lean/SunflowerLean/Erdos20V8DesignCounts.lean,public
SunflowerLean.Erdos20V8DesignCounts,theorem,Erdos20V8DesignCounts.block_counts_second_moment,61,erdos_20/v13/lean/SunflowerLean/Erdos20V8DesignCounts.lean,public
SunflowerLean.Erdos20V8DesignCounts,theorem,Erdos20V8DesignCounts.pair_incidence_sum_eq,73,erdos_20/v13/lean/SunflowerLean/Erdos20V8DesignCounts.lean,public
SunflowerLean.Erdos20V8DesignCounts,theorem,Erdos20V8DesignCounts.ten_design_block_count_equations,87,erdos_20/v13/lean/SunflowerLean/Erdos20V8DesignCounts.lean,public
SunflowerLean.Erdos20V8DesignCounts,theorem,Erdos20V8DesignCounts.ten_design_block_counts,120,erdos_20/v13/lean/SunflowerLean/Erdos20V8DesignCounts.lean,public
SunflowerLean.Erdos20V8DesignCounts,theorem,Erdos20V8DesignCounts.blockCount_restrict_support,146,erdos_20/v13/lean/SunflowerLean/Erdos20V8DesignCounts.lean,public
SunflowerLean.Erdos20V8DesignCounts,theorem,Erdos20V8DesignCounts.blockCount_union,163,erdos_20/v13/lean/SunflowerLean/Erdos20V8DesignCounts.lean,public
SunflowerLean.Erdos20V8DesignCounts,theorem,Erdos20V8DesignCounts.degree_twenty_pair_codegree_zero_or_five,172,erdos_20/v13/lean/SunflowerLean/Erdos20V8DesignCounts.lean,public
SunflowerLean.Erdos20V8Final,theorem,Erdos20V8Final.all_meeting_fifty_six_degrees_nineteen_or_twenty,15,erdos_20/v13/lean/SunflowerLean/Erdos20V8Final.lean,public
SunflowerLean.Erdos20V8Final,theorem,Erdos20V8Final.no_eighty_three_all_meeting_fifty_six,33,erdos_20/v13/lean/SunflowerLean/Erdos20V8Final.lean,public
SunflowerLean.Erdos20V8Final,theorem,Erdos20V8Final.unrestricted_upper_eighty_two_of_intersecting_twenty_seven,56,erdos_20/v13/lean/SunflowerLean/Erdos20V8Final.lean,public
SunflowerLean.Erdos20V8Global,theorem,Erdos20V8Global.disjoint_trace_eq_other_component,12,erdos_20/v13/lean/SunflowerLean/Erdos20V8Global.lean,public
SunflowerLean.Erdos20V8Global,theorem,Erdos20V8Global.extremal_twenty_disjoint_trace_card_ten,33,erdos_20/v13/lean/SunflowerLean/Erdos20V8Global.lean,public
SunflowerLean.Erdos20V8Global,theorem,Erdos20V8Global.singleton_residual_eq_empty_link_trace,49,erdos_20/v13/lean/SunflowerLean/Erdos20V8Global.lean,public
SunflowerLean.Erdos20V8Global,theorem,Erdos20V8Global.degree_twenty_forces_singleton_trace_ten,83,erdos_20/v13/lean/SunflowerLean/Erdos20V8Global.lean,public
SunflowerLean.Erdos20V8Global,theorem,Erdos20V8Global.meeting_card_le_twice_degree_add_nineteen,100,erdos_20/v13/lean/SunflowerLean/Erdos20V8Global.lean,public
SunflowerLean.Erdos20V8Global,theorem,Erdos20V8Global.rank_four_card_le_max_degree_bound,124,erdos_20/v13/lean/SunflowerLean/Erdos20V8Global.lean,public
SunflowerLean.Erdos20V8Global,theorem,Erdos20V8Global.rank_four_card_le_eighty_two_of_degree_le_fifteen,154,erdos_20/v13/lean/SunflowerLean/Erdos20V8Global.lean,public
SunflowerLean.Erdos20V8Global,theorem,Erdos20V8Global.rank_four_large_forces_high_degree,161,erdos_20/v13/lean/SunflowerLean/Erdos20V8Global.lean,public
SunflowerLean.Erdos20V8Global,theorem,Erdos20V8Global.degree_meeting_arithmetic,177,erdos_20/v13/lean/SunflowerLean/Erdos20V8Global.lean,private
SunflowerLean.Erdos20V8Global,theorem,Erdos20V8Global.all_meeting_card_le_degree_add_thirty_six,183,erdos_20/v13/lean/SunflowerLean/Erdos20V8Global.lean,public
SunflowerLean.Erdos20V8Global,theorem,Erdos20V8Global.meeting_card_le_degree_add_thirty_six,271,erdos_20/v13/lean/SunflowerLean/Erdos20V8Global.lean,public
SunflowerLean.Erdos20V8Global,theorem,Erdos20V8Global.rank_four_card_le_max_of_meeting_bound,291,erdos_20/v13/lean/SunflowerLean/Erdos20V8Global.lean,public
SunflowerLean.Erdos20V8Global,theorem,Erdos20V8Global.rank_four_card_le_degree_envelope,326,erdos_20/v13/lean/SunflowerLean/Erdos20V8Global.lean,public
SunflowerLean.Erdos20V8Global,theorem,Erdos20V8Global.degree_envelope_values,337,erdos_20/v13/lean/SunflowerLean/Erdos20V8Global.lean,public
SunflowerLean.Erdos20V8Global,theorem,Erdos20V8Global.rank_four_ninety_two_forces_degree_twenty,342,erdos_20/v13/lean/SunflowerLean/Erdos20V8Global.lean,public
SunflowerLean.Erdos20V8HighDegrees,theorem,Erdos20V8HighDegrees.star_pair_incidence_sum,10,erdos_20/v13/lean/SunflowerLean/Erdos20V8HighDegrees.lean,public
SunflowerLean.Erdos20V8HighDegrees,theorem,Erdos20V8HighDegrees.five_dvd_three_times_degree,24,erdos_20/v13/lean/SunflowerLean/Erdos20V8HighDegrees.lean,public
SunflowerLean.Erdos20V8HighDegrees,theorem,Erdos20V8HighDegrees.no_degree_eighteen_of_high_neighbors_and_pair_degrees,43,erdos_20/v13/lean/SunflowerLean/Erdos20V8HighDegrees.lean,public
SunflowerLean.Erdos20V8HighDegrees,theorem,Erdos20V8HighDegrees.no_degree_eighteen_of_high_neighbors,74,erdos_20/v13/lean/SunflowerLean/Erdos20V8HighDegrees.lean,public
SunflowerLean.Erdos20V8HighWeights,theorem,Erdos20V8HighWeights.linkWeight_eq_block_counts,15,erdos_20/v13/lean/SunflowerLean/Erdos20V8HighWeights.lean,public
SunflowerLean.Erdos20V8HighWeights,theorem,Erdos20V8HighWeights.twenty_link_weight_four_values,29,erdos_20/v13/lean/SunflowerLean/Erdos20V8HighWeights.lean,public
SunflowerLean.Erdos20V8HighWeights,theorem,Erdos20V8HighWeights.residual_inter_card,77,erdos_20/v13/lean/SunflowerLean/Erdos20V8HighWeights.lean,public
SunflowerLean.Erdos20V8HighWeights,theorem,Erdos20V8HighWeights.pointWeight_eq_linkWeight,96,erdos_20/v13/lean/SunflowerLean/Erdos20V8HighWeights.lean,public
SunflowerLean.Erdos20V8HighWeights,theorem,Erdos20V8HighWeights.residual_support_subset,109,erdos_20/v13/lean/SunflowerLean/Erdos20V8HighWeights.lean,public
SunflowerLean.Erdos20V8HighWeights,theorem,Erdos20V8HighWeights.high_point_weight_four_values,120,erdos_20/v13/lean/SunflowerLean/Erdos20V8HighWeights.lean,public
SunflowerLean.Erdos20V8Intersecting,theorem,Erdos20V8Intersecting.inter_pair_eq_singleton,11,erdos_20/v13/lean/SunflowerLean/Erdos20V8Intersecting.lean,public
SunflowerLean.Erdos20V8Intersecting,theorem,Erdos20V8Intersecting.intersecting_triples_two_point_transversal_card_le_eight,25,erdos_20/v13/lean/SunflowerLean/Erdos20V8Intersecting.lean,public
SunflowerLean.Erdos20V8Intersecting,theorem,Erdos20V8Intersecting.intersecting_nine_avoids_pair,76,erdos_20/v13/lean/SunflowerLean/Erdos20V8Intersecting.lean,public
SunflowerLean.Erdos20V8Intersecting,theorem,Erdos20V8Intersecting.intersecting_nine_transversal_card_ge_three,88,erdos_20/v13/lean/SunflowerLean/Erdos20V8Intersecting.lean,public
SunflowerLean.Erdos20V8Intersecting,theorem,Erdos20V8Intersecting.intersecting_triples_cross_nonempty_edges_sum_le_nine,102,erdos_20/v13/lean/SunflowerLean/Erdos20V8Intersecting.lean,public
SunflowerLean.Erdos20V8Intersecting,theorem,Erdos20V8Intersecting.intersecting_triples_cross_nonempty_edges_weighted,128,erdos_20/v13/lean/SunflowerLean/Erdos20V8Intersecting.lean,public
SunflowerLean.Erdos20V8Intersecting,theorem,Erdos20V8Intersecting.eight_pair_transversal_witness,147,erdos_20/v13/lean/SunflowerLean/Erdos20V8Intersecting.lean,public
SunflowerLean.Erdos20V8Intersecting,theorem,Erdos20V8Intersecting.triples_with_ten_design_transversal_four_card_le_sixteen,180,erdos_20/v13/lean/SunflowerLean/Erdos20V8Intersecting.lean,public
SunflowerLean.Erdos20V8Intersecting,theorem,Erdos20V8Intersecting.avoiding_member_hits_point_link,210,erdos_20/v13/lean/SunflowerLean/Erdos20V8Intersecting.lean,public
SunflowerLean.Erdos20V8Intersecting,theorem,Erdos20V8Intersecting.rank_four_link_with_ten_design_degree_le_sixteen,225,erdos_20/v13/lean/SunflowerLean/Erdos20V8Intersecting.lean,public
SunflowerLean.Erdos20V8Intersecting,theorem,Erdos20V8Intersecting.rank_four_large_degree_link_has_no_ten_design,250,erdos_20/v13/lean/SunflowerLean/Erdos20V8Intersecting.lean,public
SunflowerLean.Erdos20V8Intersecting,theorem,Erdos20V8Intersecting.rank_four_singleton_pair_trace_sum_le_nine,262,erdos_20/v13/lean/SunflowerLean/Erdos20V8Intersecting.lean,public
SunflowerLean.Erdos20V8Intersecting,theorem,Erdos20V8Intersecting.rank_four_large_singleton_disjoint_pair_trace_empty,287,erdos_20/v13/lean/SunflowerLean/Erdos20V8Intersecting.lean,public
SunflowerLean.Erdos20V8MeetingProfile,theorem,Erdos20V8MeetingProfile.meeting_fifty_six_degree_pattern,17,erdos_20/v13/lean/SunflowerLean/Erdos20V8MeetingProfile.lean,public
SunflowerLean.Erdos20V8MeetingProfile,theorem,Erdos20V8MeetingProfile.no_weighted_eighty_three_equality,89,erdos_20/v13/lean/SunflowerLean/Erdos20V8MeetingProfile.lean,public
SunflowerLean.Erdos20V8MeetingProfile,theorem,Erdos20V8MeetingProfile.no_nine_high_point_weighted_equality,92,erdos_20/v13/lean/SunflowerLean/Erdos20V8MeetingProfile.lean,public
SunflowerLean.Erdos20V8MeetingProfile,theorem,Erdos20V8MeetingProfile.no_nine_point_weight_sum,97,erdos_20/v13/lean/SunflowerLean/Erdos20V8MeetingProfile.lean,public
SunflowerLean.Erdos20V8ProfileBridge,theorem,Erdos20V8ProfileBridge.all_meeting_fifty_six_ordered_degree_pattern,12,erdos_20/v13/lean/SunflowerLean/Erdos20V8ProfileBridge.lean,public
SunflowerLean.Erdos20V8ProfileBridge,theorem,Erdos20V8ProfileBridge.degree_meeting_restriction_eq,115,erdos_20/v13/lean/SunflowerLean/Erdos20V8ProfileBridge.lean,public
SunflowerLean.Erdos20V8ProfileBridge,theorem,Erdos20V8ProfileBridge.meeting_fifty_six_ordered_degree_pattern,127,erdos_20/v13/lean/SunflowerLean/Erdos20V8ProfileBridge.lean,public
SunflowerLean.Erdos20V8ProfileBridge,theorem,Erdos20V8ProfileBridge.meeting_fifty_six_member_structure,154,erdos_20/v13/lean/SunflowerLean/Erdos20V8ProfileBridge.lean,public
SunflowerLean.Erdos20V8Saturated,theorem,Erdos20V8Saturated.ordered_saturated_singleton_card_le_twenty_six,9,erdos_20/v13/lean/SunflowerLean/Erdos20V8Saturated.lean,public
SunflowerLean.Erdos20V8Saturated,theorem,Erdos20V8Saturated.saturated_singleton_card_le_twenty_six,63,erdos_20/v13/lean/SunflowerLean/Erdos20V8Saturated.lean,public
SunflowerLean.Erdos20V8Saturated,theorem,Erdos20V8Saturated.large_intersecting_singleton_trace_le_nine,79,erdos_20/v13/lean/SunflowerLean/Erdos20V8Saturated.lean,public
SunflowerLean.Erdos20V8SaturatedWitness,theorem,Erdos20V8SaturatedWitness.pair_code_check,25,erdos_20/v13/lean/SunflowerLean/Erdos20V8SaturatedWitness.lean,public
SunflowerLean.Erdos20V8SaturatedWitness,theorem,Erdos20V8SaturatedWitness.no_three_equal_intersection_codes,31,erdos_20/v13/lean/SunflowerLean/Erdos20V8SaturatedWitness.lean,public
SunflowerLean.Erdos20V8SaturatedWitness,theorem,Erdos20V8SaturatedWitness.family_sunflower_free,37,erdos_20/v13/lean/SunflowerLean/Erdos20V8SaturatedWitness.lean,public
SunflowerLean.Erdos20V8SaturatedWitness,theorem,Erdos20V8SaturatedWitness.members_uniform_check,56,erdos_20/v13/lean/SunflowerLean/Erdos20V8SaturatedWitness.lean,public
SunflowerLean.Erdos20V8SaturatedWitness,theorem,Erdos20V8SaturatedWitness.family_uniform,59,erdos_20/v13/lean/SunflowerLean/Erdos20V8SaturatedWitness.lean,public
SunflowerLean.Erdos20V8SaturatedWitness,theorem,Erdos20V8SaturatedWitness.positive_intersection_codes,67,erdos_20/v13/lean/SunflowerLean/Erdos20V8SaturatedWitness.lean,public
SunflowerLean.Erdos20V8SaturatedWitness,theorem,Erdos20V8SaturatedWitness.family_intersecting,70,erdos_20/v13/lean/SunflowerLean/Erdos20V8SaturatedWitness.lean,public
SunflowerLean.Erdos20V8SaturatedWitness,theorem,Erdos20V8SaturatedWitness.family_card,83,erdos_20/v13/lean/SunflowerLean/Erdos20V8SaturatedWitness.lean,public
SunflowerLean.Erdos20V8SaturatedWitness,theorem,Erdos20V8SaturatedWitness.anchor_mem,91,erdos_20/v13/lean/SunflowerLean/Erdos20V8SaturatedWitness.lean,public
SunflowerLean.Erdos20V8SaturatedWitness,theorem,Erdos20V8SaturatedWitness.singleton_trace_ten,96,erdos_20/v13/lean/SunflowerLean/Erdos20V8SaturatedWitness.lean,public
SunflowerLean.Erdos20V8SaturatedWitness,theorem,Erdos20V8SaturatedWitness.center_degrees_sixteen,101,erdos_20/v13/lean/SunflowerLean/Erdos20V8SaturatedWitness.lean,public
SunflowerLean.Erdos20V8SaturatedWitness,theorem,Erdos20V8SaturatedWitness.saturated_twenty_six_witness,106,erdos_20/v13/lean/SunflowerLean/Erdos20V8SaturatedWitness.lean,public
SunflowerLean.Erdos20V8Stability,theorem,Erdos20V8Stability.intersecting_six_ten_complement_partition,15,erdos_20/v13/lean/SunflowerLean/Erdos20V8Stability.lean,public
SunflowerLean.Erdos20V8Stability,theorem,Erdos20V8Stability.ten_three_point_transversal_iff_member,51,erdos_20/v13/lean/SunflowerLean/Erdos20V8Stability.lean,public
SunflowerLean.Erdos20V8Stability,theorem,Erdos20V8Stability.triples_cross_ten_design_subset,82,erdos_20/v13/lean/SunflowerLean/Erdos20V8Stability.lean,public
SunflowerLean.Erdos20V8Stability,theorem,Erdos20V8Stability.no_common_singleton_residual_at_anchor,93,erdos_20/v13/lean/SunflowerLean/Erdos20V8Stability.lean,public
SunflowerLean.Erdos20V8Stability,theorem,Erdos20V8Stability.rank_four_singleton_residual_subset_of_ten,134,erdos_20/v13/lean/SunflowerLean/Erdos20V8Stability.lean,public
SunflowerLean.Erdos20V8Stability,theorem,Erdos20V8Stability.rank_four_singleton_sum_le_twenty_of_ten,150,erdos_20/v13/lean/SunflowerLean/Erdos20V8Stability.lean,public
SunflowerLean.Erdos20V8Stability,theorem,Erdos20V8Stability.saturated_point_member_contains_active_singleton,188,erdos_20/v13/lean/SunflowerLean/Erdos20V8Stability.lean,public
SunflowerLean.Erdos20V8Stability,theorem,Erdos20V8Stability.saturated_trace_or_omitted_singleton_empty,240,erdos_20/v13/lean/SunflowerLean/Erdos20V8Stability.lean,public
SunflowerLean.Erdos20V8Targets,theorem,Erdos20V8Targets.intersecting_upper_at_least_twenty_seven,23,erdos_20/v13/lean/SunflowerLean/Erdos20V8Targets.lean,public
SunflowerLean.Erdos20V8Targets,theorem,Erdos20V8Targets.not_intersecting_upper_below_twenty_seven,29,erdos_20/v13/lean/SunflowerLean/Erdos20V8Targets.lean,public
SunflowerLean.Erdos20V8Targets,theorem,Erdos20V8Targets.not_intersecting_upper_twenty_six,35,erdos_20/v13/lean/SunflowerLean/Erdos20V8Targets.lean,public
SunflowerLean.Erdos20V8Targets,theorem,Erdos20V8Targets.unrestricted_upper_at_least_fifty_four,39,erdos_20/v13/lean/SunflowerLean/Erdos20V8Targets.lean,public
SunflowerLean.Erdos20V8Targets,theorem,Erdos20V8Targets.not_unrestricted_upper_below_fifty_four,45,erdos_20/v13/lean/SunflowerLean/Erdos20V8Targets.lean,public
SunflowerLean.Erdos20V8Targets,theorem,Erdos20V8Targets.unrestricted_upper_of_intersecting_upper,53,erdos_20/v13/lean/SunflowerLean/Erdos20V8Targets.lean,public
SunflowerLean.Erdos20V8Targets,theorem,Erdos20V8Targets.unrestricted_upper_eighty_three_of_intersecting_twenty_seven,80,erdos_20/v13/lean/SunflowerLean/Erdos20V8Targets.lean,public
SunflowerLean.Erdos20V9AllMeeting,theorem,Erdos20V9AllMeeting.high_point_weight_mod_fifteen_unconditional,10,erdos_20/v13/lean/SunflowerLean/Erdos20V9AllMeeting.lean,public
SunflowerLean.Erdos20V9AllMeeting,theorem,Erdos20V9AllMeeting.card_mod_five_of_high_transversal_unconditional,19,erdos_20/v13/lean/SunflowerLean/Erdos20V9AllMeeting.lean,public
SunflowerLean.Erdos20V9AllMeeting,theorem,Erdos20V9AllMeeting.exists_member_avoiding_high_of_card_not_mod_five,27,erdos_20/v13/lean/SunflowerLean/Erdos20V9AllMeeting.lean,public
SunflowerLean.Erdos20V9AllMeeting,theorem,Erdos20V9AllMeeting.no_all_meeting_fifty_six,40,erdos_20/v13/lean/SunflowerLean/Erdos20V9AllMeeting.lean,public
SunflowerLean.Erdos20V9AllMeeting,theorem,Erdos20V9AllMeeting.exists_anchor_meeting_le_fifty_five,49,erdos_20/v13/lean/SunflowerLean/Erdos20V9AllMeeting.lean,public
SunflowerLean.Erdos20V9BoundaryArithmetic,theorem,Erdos20V9BoundaryArithmetic.no_eighty_two_degree_census,6,erdos_20/v13/lean/SunflowerLean/Erdos20V9BoundaryArithmetic.lean,public
SunflowerLean.Erdos20V9Census,theorem,Erdos20V9Census.degree_predicate_incidence_le,12,erdos_20/v13/lean/SunflowerLean/Erdos20V9Census.lean,public
SunflowerLean.Erdos20V9Census,theorem,Erdos20V9Census.degreeClass_sum,30,erdos_20/v13/lean/SunflowerLean/Erdos20V9Census.lean,public
SunflowerLean.Erdos20V9Census,theorem,Erdos20V9Census.rank_four_degree_census,38,erdos_20/v13/lean/SunflowerLean/Erdos20V9Census.lean,public
SunflowerLean.Erdos20V9Consequences,theorem,Erdos20V9Consequences.literal_conditional_eighty_one,9,erdos_20/v13/lean/SunflowerLean/Erdos20V9Consequences.lean,public
SunflowerLean.Erdos20V9Consequences,theorem,Erdos20V9Consequences.rank_five_le_eight_hundred_two_of_intersecting_twenty_seven,18,erdos_20/v13/lean/SunflowerLean/Erdos20V9Consequences.lean,public
SunflowerLean.Erdos20V9Consequences,theorem,Erdos20V9Consequences.rank_six_le_nine_thousand_six_hundred_fourteen_of_intersecting_twenty_seven,33,erdos_20/v13/lean/SunflowerLean/Erdos20V9Consequences.lean,public
SunflowerLean.Erdos20V9Final,theorem,Erdos20V9Final.no_eighty_two_all_meeting_at_least_fifty_five,15,erdos_20/v13/lean/SunflowerLean/Erdos20V9Final.lean,public
SunflowerLean.Erdos20V9Final,theorem,Erdos20V9Final.eighty_two_exists_anchor_meeting_le_fifty_four,40,erdos_20/v13/lean/SunflowerLean/Erdos20V9Final.lean,public
SunflowerLean.Erdos20V9Final,theorem,Erdos20V9Final.eighty_two_contains_intersecting_twenty_eight,51,erdos_20/v13/lean/SunflowerLean/Erdos20V9Final.lean,public
SunflowerLean.Erdos20V9Final,theorem,Erdos20V9Final.unrestricted_upper_eighty_one_of_intersecting_twenty_seven,70,erdos_20/v13/lean/SunflowerLean/Erdos20V9Final.lean,public
SunflowerLean.Erdos20V9HighCompatibility,theorem,Erdos20V9HighCompatibility.twenty_component_at_member,9,erdos_20/v13/lean/SunflowerLean/Erdos20V9HighCompatibility.lean,public
SunflowerLean.Erdos20V9HighCompatibility,theorem,Erdos20V9HighCompatibility.point_not_mem_residue,42,erdos_20/v13/lean/SunflowerLean/Erdos20V9HighCompatibility.lean,public
SunflowerLean.Erdos20V9HighCompatibility,theorem,Erdos20V9HighCompatibility.switch_point_link,49,erdos_20/v13/lean/SunflowerLean/Erdos20V9HighCompatibility.lean,public
SunflowerLean.Erdos20V9HighCompatibility,theorem,Erdos20V9HighCompatibility.switch_triple_link,68,erdos_20/v13/lean/SunflowerLean/Erdos20V9HighCompatibility.lean,public
SunflowerLean.Erdos20V9HighCompatibility,theorem,Erdos20V9HighCompatibility.triple_link_of_four_member,76,erdos_20/v13/lean/SunflowerLean/Erdos20V9HighCompatibility.lean,public
SunflowerLean.Erdos20V9HighCompatibilityMain,theorem,Erdos20V9HighCompatibility.high_point_component,9,erdos_20/v13/lean/SunflowerLean/Erdos20V9HighCompatibilityMain.lean,public
SunflowerLean.Erdos20V9HighCompatibilityMain,theorem,Erdos20V9HighCompatibility.no_three_high_in_four_member,30,erdos_20/v13/lean/SunflowerLean/Erdos20V9HighCompatibilityMain.lean,public
SunflowerLean.Erdos20V9HighCompatibilityMain,theorem,Erdos20V9HighCompatibility.member_high_points_card_le_two,157,erdos_20/v13/lean/SunflowerLean/Erdos20V9HighCompatibilityMain.lean,public
SunflowerLean.Erdos20V9HighCompatibilityWitness,theorem,Erdos20V9HighCompatibilityWitness.pair_code_check,25,erdos_20/v13/lean/SunflowerLean/Erdos20V9HighCompatibilityWitness.lean,public
SunflowerLean.Erdos20V9HighCompatibilityWitness,theorem,Erdos20V9HighCompatibilityWitness.no_three_equal_intersection_codes,31,erdos_20/v13/lean/SunflowerLean/Erdos20V9HighCompatibilityWitness.lean,public
SunflowerLean.Erdos20V9HighCompatibilityWitness,theorem,Erdos20V9HighCompatibilityWitness.family_sunflower_free,37,erdos_20/v13/lean/SunflowerLean/Erdos20V9HighCompatibilityWitness.lean,public
SunflowerLean.Erdos20V9HighCompatibilityWitness,theorem,Erdos20V9HighCompatibilityWitness.members_uniform_check,56,erdos_20/v13/lean/SunflowerLean/Erdos20V9HighCompatibilityWitness.lean,public
SunflowerLean.Erdos20V9HighCompatibilityWitness,theorem,Erdos20V9HighCompatibilityWitness.family_uniform,59,erdos_20/v13/lean/SunflowerLean/Erdos20V9HighCompatibilityWitness.lean,public
SunflowerLean.Erdos20V9HighCompatibilityWitness,theorem,Erdos20V9HighCompatibilityWitness.family_card,67,erdos_20/v13/lean/SunflowerLean/Erdos20V9HighCompatibilityWitness.lean,public
SunflowerLean.Erdos20V9HighCompatibilityWitness,theorem,Erdos20V9HighCompatibilityWitness.anchor_mem,75,erdos_20/v13/lean/SunflowerLean/Erdos20V9HighCompatibilityWitness.lean,public
SunflowerLean.Erdos20V9HighCompatibilityWitness,theorem,Erdos20V9HighCompatibilityWitness.high_points_check,80,erdos_20/v13/lean/SunflowerLean/Erdos20V9HighCompatibilityWitness.lean,public
SunflowerLean.Erdos20V9HighCompatibilityWitness,theorem,Erdos20V9HighCompatibilityWitness.anchor_high_count_two,83,erdos_20/v13/lean/SunflowerLean/Erdos20V9HighCompatibilityWitness.lean,public
SunflowerLean.Erdos20V9HighCompatibilityWitness,theorem,Erdos20V9HighCompatibilityWitness.two_high_member_witness,89,erdos_20/v13/lean/SunflowerLean/Erdos20V9HighCompatibilityWitness.lean,public
SunflowerLean.Erdos20V9HighGraph,theorem,Erdos20V9HighGraph.mem_highNeighbors_iff,12,erdos_20/v13/lean/SunflowerLean/Erdos20V9HighGraph.lean,public
SunflowerLean.Erdos20V9HighGraph,theorem,Erdos20V9HighGraph.high_link_cap_one,30,erdos_20/v13/lean/SunflowerLean/Erdos20V9HighGraph.lean,public
SunflowerLean.Erdos20V9HighGraph,theorem,Erdos20V9HighGraph.high_point_high_neighbors_le_two,42,erdos_20/v13/lean/SunflowerLean/Erdos20V9HighGraph.lean,public
SunflowerLean.Erdos20V9HighGraph,theorem,Erdos20V9HighGraph.four_mul_low_high_neighbors_le_degree,56,erdos_20/v13/lean/SunflowerLean/Erdos20V9HighGraph.lean,public
SunflowerLean.Erdos20V9HighGraph,theorem,Erdos20V9HighGraph.low_point_high_neighbors_le_four,120,erdos_20/v13/lean/SunflowerLean/Erdos20V9HighGraph.lean,public
SunflowerLean.Erdos20V9HighGraph,theorem,Erdos20V9HighGraph.high_point_low_neighbors_ge_ten,135,erdos_20/v13/lean/SunflowerLean/Erdos20V9HighGraph.lean,public
SunflowerLean.Erdos20V9HighGraph,theorem,Erdos20V9HighGraph.high_low_incidence_identity,152,erdos_20/v13/lean/SunflowerLean/Erdos20V9HighGraph.lean,public
SunflowerLean.Erdos20V9HighGraph,theorem,Erdos20V9HighGraph.ten_mul_high_card_le_four_mul_low_card,195,erdos_20/v13/lean/SunflowerLean/Erdos20V9HighGraph.lean,public
SunflowerLean.Erdos20V9HighIncidence,theorem,Erdos20V9HighIncidence.ten_design_distinguished_support_card_le_one,10,erdos_20/v13/lean/SunflowerLean/Erdos20V9HighIncidence.lean,public
SunflowerLean.Erdos20V9HighIncidence,theorem,Erdos20V9HighIncidence.twenty_link_distinguished_support_card_le_two,37,erdos_20/v13/lean/SunflowerLean/Erdos20V9HighIncidence.lean,public
SunflowerLean.Erdos20V9HighIncidence,theorem,Erdos20V9HighIncidence.twenty_link_point_distinguished_card_le_two,61,erdos_20/v13/lean/SunflowerLean/Erdos20V9HighIncidence.lean,public
SunflowerLean.Erdos20V9HighIncidence,theorem,Erdos20V9HighIncidence.degree_five_distinguished_count,111,erdos_20/v13/lean/SunflowerLean/Erdos20V9HighIncidence.lean,public
SunflowerLean.Erdos20V9IntersectingTriangles,theorem,Erdos20V9IntersectingTriangles.two_points_of_meets_pairs,10,erdos_20/v13/lean/SunflowerLean/Erdos20V9IntersectingTriangles.lean,public
SunflowerLean.Erdos20V9IntersectingTriangles,theorem,Erdos20V9IntersectingTriangles.intersections_have_common_point,18,erdos_20/v13/lean/SunflowerLean/Erdos20V9IntersectingTriangles.lean,public
SunflowerLean.Erdos20V9IntersectingTriangles,theorem,Erdos20V9IntersectingTriangles.shared_edge_triangles_card_le_four,31,erdos_20/v13/lean/SunflowerLean/Erdos20V9IntersectingTriangles.lean,public
SunflowerLean.Erdos20V9IntersectingTriangles,theorem,Erdos20V9IntersectingTriangles.one_point_triangles_card_le_four,84,erdos_20/v13/lean/SunflowerLean/Erdos20V9IntersectingTriangles.lean,public
SunflowerLean.Erdos20V9IntersectingTriangles,theorem,Erdos20V9IntersectingTriangles.two_distinct_triangles_card_le_four,137,erdos_20/v13/lean/SunflowerLean/Erdos20V9IntersectingTriangles.lean,public
SunflowerLean.Erdos20V9IntersectingTriangles,theorem,Erdos20V9IntersectingTriangles.triangle_edges_eq_powerset,194,erdos_20/v13/lean/SunflowerLean/Erdos20V9IntersectingTriangles.lean,public
SunflowerLean.Erdos20V9IntersectingTriangles,theorem,Erdos20V9IntersectingTriangles.crossing_five_forces_triangles_equal,207,erdos_20/v13/lean/SunflowerLean/Erdos20V9IntersectingTriangles.lean,public
SunflowerLean.Erdos20V9IntersectingTriangles,theorem,Erdos20V9IntersectingTriangles.large_singleton_saturated_pair_residuals_equal,230,erdos_20/v13/lean/SunflowerLean/Erdos20V9IntersectingTriangles.lean,public
SunflowerLean.Erdos20V9Profile,theorem,Erdos20V9Profile.degree_pattern55_of_moments,23,erdos_20/v13/lean/SunflowerLean/Erdos20V9Profile.lean,public
SunflowerLean.Erdos20V9ProfileBridge,theorem,Erdos20V9ProfileBridge.meeting_at_least_fifty_five_ordered_degree_pattern,9,erdos_20/v13/lean/SunflowerLean/Erdos20V9ProfileBridge.lean,public
SunflowerLean.Erdos20V9ProfileBridge,theorem,Erdos20V9ProfileBridge.meeting_at_least_fifty_five_member_structure,43,erdos_20/v13/lean/SunflowerLean/Erdos20V9ProfileBridge.lean,public
SunflowerLean.Erdos20V9ProfileBridge,theorem,Erdos20V9ProfileBridge.all_meeting_at_least_fifty_five_degrees,94,erdos_20/v13/lean/SunflowerLean/Erdos20V9ProfileBridge.lean,public
SunflowerLean.Erdos20V9ProfileBridge,theorem,Erdos20V9ProfileBridge.meeting_at_least_fifty_five_low_degree_caps,120,erdos_20/v13/lean/SunflowerLean/Erdos20V9ProfileBridge.lean,public
SunflowerLean.Erdos20V9TraceBridge,theorem,Erdos20V9ProfileBridge.all_meeting_fifty_five_ordered_degree_pattern,14,erdos_20/v13/lean/SunflowerLean/Erdos20V9TraceBridge.lean,public
SunflowerLean.Erdos20V9WeightCongruence,theorem,Erdos20V9WeightCongruence.twenty_link_weight_mod_fifteen,10,erdos_20/v13/lean/SunflowerLean/Erdos20V9WeightCongruence.lean,public
SunflowerLean.Erdos20V9WeightCongruence,theorem,Erdos20V9WeightCongruence.high_point_weight_mod_fifteen,48,erdos_20/v13/lean/SunflowerLean/Erdos20V9WeightCongruence.lean,public
SunflowerLean.Erdos20V9WeightCongruence,theorem,Erdos20V9WeightCongruence.card_mod_five_of_high_transversal,72,erdos_20/v13/lean/SunflowerLean/Erdos20V9WeightCongruence.lean,public
SunflowerLean.Erdos20V9WeightCongruence,theorem,Erdos20V9WeightCongruence.no_low_points_of_card_mod_five,87,erdos_20/v13/lean/SunflowerLean/Erdos20V9WeightCongruence.lean,public
SunflowerLean.Erdos20V9WeightCongruence,theorem,Erdos20V9WeightCongruence.no_all_meeting_fifty_six_of_high_cap,123,erdos_20/v13/lean/SunflowerLean/Erdos20V9WeightCongruence.lean,public
SunflowerLean.ErdosRadoBound,theorem,Erdos20Classical.exists_pairwiseDisjoint_hitting_subfamily,15,erdos_20/v13/lean/SunflowerLean/ErdosRadoBound.lean,public
SunflowerLean.ErdosRadoBound,theorem,Erdos20Classical.pairwiseDisjoint_card_lt_forbidden,89,erdos_20/v13/lean/SunflowerLean/ErdosRadoBound.lean,public
SunflowerLean.ErdosRadoBound,theorem,Erdos20Classical.exists_bounded_hitting_set,109,erdos_20/v13/lean/SunflowerLean/ErdosRadoBound.lean,public
SunflowerLean.ErdosRadoBound,theorem,Erdos20Classical.erdos_rado_factorial_bound,146,erdos_20/v13/lean/SunflowerLean/ErdosRadoBound.lean,public
SunflowerLean.Spread,theorem,spread_empty_trivial,60,erdos_20/v13/lean/SunflowerLean/Spread.lean,public
SunflowerLean.Spread,theorem,spread_singleton,66,erdos_20/v13/lean/SunflowerLean/Spread.lean,public
SunflowerLean.Spread,theorem,not_spread_implies_heavy_subset,84,erdos_20/v13/lean/SunflowerLean/Spread.lean,public
